team_abbreviation,w,l,era,g,gs,qs,cg,sh_o,sv,bs,ip,tbf,h,r,er,hr,bb,ibb,hbp,wp,bk,so,gb,fb,ld,iffb,pitches,balls,strikes,rs,ifh,bu,buh,k_9,bb_9,k_bb,h_9,hr_9,avg,whip,babip,lob_pct,fip,gb_fb,ld_pct,gb_pct,fb_pct,iffb_pct,hr_fb,ifh_pct,buh_pct,tto_pct,c_framing,starting,start_ip,relieving,relief_ip,rar,war,dollars,ra9_wins,lob_wins,bip_wins,bs_wins,t_era,x_fip,wpa,wpa_minus,wpa_plus,re24,rew,p_li,in_li,gm_li,ex_li,pulls,games,wpa_li,clutch,f_ball_pct,f_bv,sl_pct,s_lv,ct_pct,c_tv,cb_pct,c_bv,ch_pct,c_hv,sf_pct,s_fv,xx_pct,w_fb,w_sl,w_ct,w_cb,w_ch,w_sf,w_fb_c,w_sl_c,w_ct_c,w_cb_c,w_ch_c,w_sf_c,o_swing_pct,z_swing_pct,swing_pct,o_contact_pct,z_contact_pct,contact_pct,zone_pct,f_strike_pct,sw_str_pct,c_str_pct,c_sw_str_pct,hld,sd,md,era_2,fip_2,x_fip_2,k_pct,bb_pct,k_bb_pct,siera,kw_era,rs_9,e_f,pull,cent,oppo,soft,med,hard,bip_count,pull_pct,cent_pct,oppo_pct,soft_pct,med_pct,hard_pct,k_9_2,bb_9_2,k_bb_2,h_9_2,hr_9_2,avg_2,whip_2,babip_2,lob_pct_2,k_pct_2,bb_pct_2,ld_pct_2,gb_pct_2,fb_pct_2,hrfb_pct,pull_pct_2,cent_pct_2,oppo_pct_2,soft_pct_2,med_pct_2,hard_pct_2,x_era,pb_o_ch,pb_s_ch,pb_c_ch,pb_o_cu,pb_s_cu,pb_c_cu,pb_o_ff,pb_s_ff,pb_c_ff,pb_o_si,pb_s_si,pb_c_si,pb_o_sl,pb_s_sl,pb_c_sl,pb_o_fc,pb_s_fc,pb_c_fc,pb_o_fs,pb_s_fs,pb_c_fs,pb_overall,pb_stuff,pb_command,pb_x_rv100,pb_era,sp_s_ch,sp_l_ch,sp_p_ch,sp_s_cu,sp_l_cu,sp_p_cu,sp_s_ff,sp_l_ff,sp_p_ff,sp_s_si,sp_l_si,sp_p_si,sp_s_sl,sp_l_sl,sp_p_sl,sp_s_fc,sp_l_fc,sp_p_fc,sp_s_fs,sp_l_fs,sp_p_fs,sp_stuff,sp_location,sp_pitching,pptv,cptv,bptv,dsv,dgv,btv,r_bptv,ebv,esv,r_f_team_v,r_b_team_v,r_tv,b_review,b_overturned,b_correct_pct,w_b_review,p_review,p_overturned,p_correct_pct,w_p_review,c_review,c_overturned,c_correct_pct,w_c_review,pfx_fa_pct,pfx_fc_pct,pfx_fs_pct,pfx_si_pct,pfx_sl_pct,pfx_cu_pct,pfx_ch_pct,pfx_slo_pct,pfx_st_pct,pfx_cuo_pct,pfx_v_fa,pfx_v_fc,pfx_v_fs,pfx_v_si,pfx_v_sl,pfx_v_cu,pfx_v_ch,pfx_v_slo,pfx_v_st,pfx_v_cuo,pfx_fa_x,pfx_fc_x,pfx_fs_x,pfx_si_x,pfx_sl_x,pfx_cu_x,pfx_ch_x,pfx_slo_x,pfx_st_x,pfx_cuo_x,pfx_fa_z,pfx_fc_z,pfx_fs_z,pfx_si_z,pfx_sl_z,pfx_cu_z,pfx_ch_z,pfx_slo_z,pfx_st_z,pfx_cuo_z,pfx_w_fa,pfx_w_fc,pfx_w_fs,pfx_w_si,pfx_w_sl,pfx_w_cu,pfx_w_ch,pfx_w_slo,pfx_w_st,pfx_w_cuo,pfx_w_fa_c,pfx_w_fc_c,pfx_w_fs_c,pfx_w_si_c,pfx_w_sl_c,pfx_w_cu_c,pfx_w_ch_c,pfx_w_slo_c,pfx_w_st_c,pfx_w_cuo_c,pfx_aa_fa,pfx_aa_fc,pfx_aa_fs,pfx_aa_si,pfx_aa_sl,pfx_aa_cu,pfx_aa_ch,pfx_aa_slo,pfx_aa_st,pfx_aa_cuo,pfx_sp_fa,pfx_sp_fc,pfx_sp_fs,pfx_sp_si,pfx_sp_sl,pfx_sp_cu,pfx_sp_ch,pfx_sp_slo,pfx_sp_st,pfx_sp_cuo,pfx_o_swing_pct,pfx_z_swing_pct,pfx_swing_pct,pfx_o_contact_pct,pfx_z_contact_pct,pfx_contact_pct,pfx_zone_pct,pfx_pace,avg_bat_speed,fast_swing_pct,swing_length,squared_up_contact_pct,squared_up_swing_pct,blast_contact_pct,blast_swing_pct,swords,competitive_swings,tilt,attack_angle,attack_direction,ideal_attack_angle_pct,depth_in_box,distance_off_plate,sc_h_swing_pct,sc_h_contact_pct,sc_h_zone_pct,sc_s_swing_pct,sc_s_contact_pct,sc_s_zone_pct,sc_c_swing_pct,sc_c_contact_pct,sc_c_zone_pct,sc_w_swing_pct,sc_w_contact_pct,sc_w_zone_pct,sc_si_swing_pct,sc_si_contact_pct,sc_si_zone_pct,sc_so_swing_pct,sc_so_contact_pct,sc_so_zone_pct,sc_o_swing_pct,sc_o_contact_pct,sc_o_zone_pct,sc_z_swing_pct,sc_z_contact_pct,sc_z_zone_pct,pi_ch_pct,pi_cu_pct,pi_fa_pct,pi_fc_pct,pi_fs_pct,pi_si_pct,pi_sl_pct,pi_v_ch,pi_v_cu,pi_v_fa,pi_v_fc,pi_v_fs,pi_v_si,pi_v_sl,pi_ch_x,pi_cu_x,pi_fa_x,pi_fc_x,pi_fs_x,pi_si_x,pi_sl_x,pi_ch_z,pi_cu_z,pi_fa_z,pi_fc_z,pi_fs_z,pi_si_z,pi_sl_z,pi_w_ch,pi_w_cu,pi_w_fa,pi_w_fc,pi_w_fs,pi_w_si,pi_w_sl,pi_w_ch_c,pi_w_cu_c,pi_w_fa_c,pi_w_fc_c,pi_w_fs_c,pi_w_si_c,pi_w_sl_c,pi_o_swing_pct,pi_z_swing_pct,pi_swing_pct,pi_o_contact_pct,pi_z_contact_pct,pi_contact_pct,pi_zone_pct,pi_pace,events,ev,la,barrels,barrel_pct,max_ev,hard_hit,hard_hit_pct,q,tg,tip,position_db,position,team_name_abb,teamid,player_team_id,ev90,pb_o_kc,pb_s_kc,pb_c_kc,sp_s_kc,sp_l_kc,sp_p_kc,r_pptv,pfx_kc_pct,pfx_v_kc,pfx_kc_x,pfx_kc_z,pfx_w_kc,pfx_w_kc_c,pfx_aa_kc,pfx_sp_kc,pfx_ep_pct,pfx_v_ep,pfx_ep_x,pfx_ep_z,pfx_w_ep,pfx_w_ep_c,pfx_aa_ep,pfx_sp_ep,sp_s_fo,sp_l_fo,sp_p_fo,pfx_fo_pct,pfx_v_fo,pfx_fo_x,pfx_fo_z,pfx_w_fo,pfx_w_fo_c,pfx_aa_fo,pfx_sp_fo,pi_xx_pct,pi_v_xx,pi_xx_x,pi_xx_z,pi_w_xx,pi_w_xx_c,r_dgv,pfx_cv_pct,pfx_v_cv,pfx_cv_x,pfx_cv_z,pfx_w_cv,pfx_w_cv_c,pfx_aa_cv,pfx_sp_cv,kn_pct,k_nv,w_kn,w_kn_c,pi_cs_pct,pi_v_cs,pi_cs_x,pi_cs_z,pi_w_cs,pi_w_cs_c
NYY,8,5,2.4971,60,13,5,0,0,5,2,115.1,471,91,34,32,3,34,1,5,4,0,119,149,98,61,12,1827,646,1181,57,11,5,1,9.2861,2.6532,3.5,7.1012,0.2341,0.2106,1.0838,0.2839,0.7631,2.4362,1.5204,0.1981,0.4838,0.3182,0.1224,0.0306,0.0738,0.2,0.3312,0.33,18.4467,70.4,10.4532,42.6,28.8999,3.3262,26.6095,3.5084,-0.0517,0.234,0.1823,2.64,3.1805,1.1857,-7.856,9.0417,19.971800000000002,2.1538,1.0509,0.939,1.086,1.1427,47,60,1.9632,-0.8349,0.5523,94.3006,0.1962,85.0251,0.0499,91.2527,0.0685,77.632,0.0805,86.6667,0.0526,85.5,0.0027,14.1247,0.0884,2.8749,-0.4688,-0.1016,0.994,1.4013,0.0247,3.1592,-0.3751,-0.0691,1.0354,0.3224,0.6464,0.4625,0.6737,0.8098,0.7559,0.4323,0.5924,0.1128,0.1801,0.2928,8,12,6,61.4025,61.69,80.947,0.2527,0.0722,0.1805,3.1032,3.6571,4.448,0.0609,137,106,70,56,179,78,313,0.4377,0.3387,0.2236,0.1789,0.5719,0.2492,101.1016,66.0826,120.8515,89.1057,24.6879,90.4454,81.3926,97.3767,107.2258,106.4032,69.5478,102.3477,116.7473,81.1438,31.2799,104.9506,97.3961,95.0719,108.2428,112.2279,76.6452,2.8672,50.7771,52.3265,50.6978,53.1906,49.2325,52.9301,57.1511,56.1611,55.2045,57.9481,56.9591,53.2698,49.9987,51.8502,47.7151,50.4255,49.4895,48.4052,47.7202,53.3262,46.415,56.0981,52.943600000000004,53.5199,-0.4236,3.2508,101.7817,96.9096,91.8289,112.9366,103.6896,106.4086,104.8985,109.0264,112.3086,106.9689,109.8875,118.3733,106.9422,97.039,104.8407,97.532,103.6098,105.41,97.1408,90.5369,87.3971,104.7256,104.6086,108.6916,0,0,1,0,0,0,0.0422,0,1,0,0.0422,0.0422,14,9,0.6429,-1.9925,1,1,1,0.078,8,6,0.75,0.7769,0.2838,0.114,0.0526,0.2499,0.1595,0.0685,0.0718,0.0619,0.0975,0.0685,94.7411,93.0082,85.4302,93.6261,82.9292,77.572,85.5901,84.6912,81.8107,77.572,-0.0672,0.3248,-4.0877,-0.5095,0.8142,1.2454,4.9947,1.1367,0.6095,1.2454,9.7881,6.1176,1.8821,3.6206,1.809,-6.5634,1.5892,2.5106,1.3635,-6.5634,6.1563,4.2754,1.0231,10.2754,-0.5501,-0.5682,-0.7395,-2.6711,2.121,-0.5682,1.1885,2.0555,1.0658,2.2534,-0.189,-0.4546,-0.5645,-2.3638,1.1916,-0.4546,33.4441,35.6381,42.9974,23.0751,22.6272,41.6826,23.0733,23.9927,21.7604,41.6826,2100.0135,2255.8125,1233.0521,2062.4605,2210.1649,2569.408,1495.1374,1806.0973,2466.6798,2569.408,0.2875,0.6204,0.4625,0.6064,0.8151,0.7536,0.5255,19.5941,71.2903,0.2425,7.1449,0.3372,0.2468,0.1267,0.0927,14,701,30.6261,8.9676,0.9374,0.4979,26.7762,27.3356,0.6793,0.8361,0.2697,0.5272,0.7487,0.4306,0.2428,0.4643,0.2078,0.085,0.1538,0.0919,0.5951,0.7397,0.221,0.4556,0.761,0.2096,0.2968,0.6486,0.5096,0.6346,0.8046,0.4904,0.0701,0.0685,0.3036,0.0948,0.0532,0.2515,0.1584,85.8476,77.9253,95.1672,92.6057,85.7477,93.9401,83.243,4.5608,1.7193,0.0068,1.1272,-3.419,-0.2985,0.9282,-0.115,-8.3791,8.1992,4.6975,0.2278,2.1793,0.153,-0.2693,-0.5682,5.3668,4.7884,0.1292,9.8233,0.5803,-0.2104,-0.4546,0.9687,2.7678,0.1332,2.1402,0.2008,0.2972,0.6134,0.463,0.6047,0.8177,0.7527,0.5244,19.5941,313,88.7179,9.3409,11,0.0351,115.1,115,0.3674,8.8718,13,115.3333,P,P,NYY,9,9,103.9,NA,NA,NA,NA,NA,NA,NA,NA,NA,NA,NA,NA,NA,NA,NA,NA,NA,NA,NA,NA,NA,NA,NA,NA,NA,NA,NA,NA,NA,NA,NA,NA,NA,NA,NA,NA,NA,NA,NA,NA,NA,NA,NA,NA,NA,NA,NA,NA,NA,NA,NA,NA,NA,NA,NA,NA,NA,NA,NA
SDP,8,6,3.4016,62,14,4,0,0,4,5,127,526,115,53,48,7,44,1,4,2,0,129,166,121,58,16,2030,728,1302,58,15,3,0,9.1417,3.1181,2.9318,8.1496,0.4961,0.2406,1.252,0.3158,0.718,2.9661,1.3719,0.1681,0.4812,0.3507,0.1322,0.0579,0.0904,0,0.3422,0.16,12.8895,66.6,11.4456,56.2,24.3351,2.715,21.7201,1.0792,-0.5517,-1.0841,-1.6358,2.7466,3.4632,1.3601,-9.1673,10.5273,11.2602,1.1643,1.0888,1.0258,1.1803,1.2707,48,62,1.7485,-0.4994,0.485,95.1382,0.1424,85.6886,0.0981,87.3317,0.102,81.971,0.1301,86.803,0.0424,86.0698,0.0025,2.6473,6.3579,3.0182,-6.1031,5.0677,-2.5606,0.269,2.2,1.5167,-2.9483,1.9196,-2.9775,0.3546,0.6572,0.4751,0.6005,0.8418,0.7334,0.3982,0.6179,0.1266,0.1645,0.2911,8,17,10,94.2365,75.6235,88.1789,0.2452,0.0837,0.1616,3.326,3.8835,4.1102,0.4355,150,113,85,68,175,105,349,0.431,0.3247,0.2443,0.1954,0.5029,0.3017,107.5104,87.6918,115.9475,104.6164,53.2808,105.1205,99.3123,113.2738,98.7824,109.4685,89.289,91.2118,109.3544,93.3557,58.959,106.7945,91.7496,100.7323,115.1622,100.1276,91.9634,3.2579,49.9998,53.3422,48.4756,59.5247,50.1552,60.6583,50.6103,53.1141,47.3297,53.5029,53.193600000000004,53.1886,54.3831,52.4747,54.5195,53.5199,51.4983,52.3977,39.8903,50.9676,39.6109,52.2788,52.338,51.3656,-0.1277,3.6946,93.1505,100.0461,95.1802,96.0684,112.4963,103.1198,101.5527,99.6961,99.6263,102.0282,95.5404,100.4125,108.8755,103.0646,110.4201,91.0203,104.2488,103.0471,119.5758,62.9568,77.7291,101.3005,99.3435,100.4136,1,0,0,0,0,0,NA,1,0,-0.0358,0,-0.0358,18,11,0.6111,-2.2108,0,0,NA,NA,20,14,0.7,1.8777,0.2878,0.0724,0.0281,0.1957,0.1681,0.0537,0.1459,0.0912,0.0769,0.0537,94.9762,89.1306,83.007,95.271,85.0754,81.3633,87.3105,87.2935,82.4449,81.3633,-4.2634,2.0596,-0.7635,-3.0885,2.381,4.7363,-6.0301,2.0154,2.8147,4.7363,10.3825,4.9688,1.3907,5.2782,1.2577,-6.9045,2.6418,0.8944,1.6884,-6.9045,6.8298,1.5353,-1.1923,-2.4146,9.3782,-0.1999,4.0536,7.2645,2.1137,-0.1999,1.1695,1.0444,-2.0917,-0.6082,2.7502,-0.1834,1.3695,3.9267,1.3549,-0.1834,39.9284,30.3148,43.6781,29.9806,31.8681,43.3645,27.4205,31.6028,32.1826,43.3645,2215.7603,2232.2041,1219.8246,2066.471,2328.8886,2800.4862,1812.1385,2163.9027,2524.5449,2800.4862,0.3288,0.6299,0.4756,0.5468,0.8347,0.7326,0.4874,19.3009,71.9146,0.2552,7.3511,0.3196,0.233,0.1257,0.0916,22,764,32.9443,10.5434,0.0381,0.5039,28.3708,27.149,0.681,0.8734,0.2431,0.5547,0.7265,0.4212,0.277,0.4831,0.2232,0.1116,0.0417,0.1126,0.6056,0.7674,0.2232,0.4974,0.6702,0.198,0.3278,0.5593,0.5323,0.6438,0.8331,0.4677,0.1602,0.0966,0.2893,0.0759,0.0138,0.1942,0.17,87.2723,81.7702,95.1469,89.1799,80.988,95.4232,85.2098,-4.602,4.7184,-3.8081,2.0343,-7.6396,-2.8748,2.6848,0.873,-6.8737,9.1715,3.7592,2.6325,4.0352,-0.1663,4.0158,-5.6907,7.2293,2.1944,-1.1267,-2.4463,8.366,1.2356,-2.9034,1.2316,1.4249,-4.0239,-0.6209,2.4249,0.326,0.6348,0.4756,0.563,0.8253,0.7326,0.4845,19.3009,349,87.4843,11.7623,22,0.063,114.6,126,0.361,9.0714,14,127,P,P,SDP,29,29,103.8,53.0077,52.8739,54.3333,105.9559,96.9998,92.4161,-0.0358,0.0483,82.5357,2.2298,-2.2431,-5.8439,-5.9632,41.3202,2335.0612,NA,NA,NA,NA,NA,NA,NA,NA,NA,NA,NA,NA,NA,NA,NA,NA,NA,NA,NA,NA,NA,NA,NA,NA,NA,NA,NA,NA,NA,NA,NA,NA,NA,NA,NA,NA,NA,NA,NA,NA,NA,NA,NA,NA
PHI,6,7,4.2672,60,13,4,0,0,4,0,116,490,118,62,55,10,29,0,1,5,0,130,155,108,63,11,1956,690,1266,46,12,4,3,10.0862,2.25,4.4828,9.1552,0.7759,0.2565,1.2672,0.3375,0.6418,2.8023,1.4352,0.1933,0.4755,0.3313,0.1019,0.0926,0.0774,0.75,0.3449,0.69,13.9776,68.6,8.5952,43.9,22.5728,2.6119,20.8955,0.1093,-0.9811,-1.5215,-2.5026,3.03,2.8677,0.7054,-6.8223,7.5276,1.6949,-3e-4,0.8162,0.7645,0.8155,0.8087,47,60,0.701,0.1632,0.5013,94.6752,0.2486,85.6934,0.0353,87.2754,0.0711,78.6331,0.1079,86.5261,0.0358,87.2857,5e-4,-6.6759,6.4791,-3.4477,1.9875,1.9859,-0.9672,-0.6812,1.3331,-4.9966,1.4299,0.9412,-1.3816,0.3557,0.6549,0.4772,0.6199,0.8596,0.7535,0.4061,0.6286,0.1176,0.1662,0.2837,6,10,3,111.9552,69.3559,72.3556,0.2653,0.0592,0.2061,2.8357,3.3492,3.569,1.4649,125,128,77,64,178,88,330,0.3788,0.3879,0.2333,0.1939,0.5394,0.2667,118.6177,63.2776,160.0586,117.5249,83.3333,112.0835,100.5238,121.0614,88.2957,118.422,63.1732,104.8492,108.0591,88.1822,94.3656,93.8498,109.5976,96.229,114.3,107.3992,81.2781,3.2554,49.4184,52.2566,47.8976,49.363,38.3983,51.4978,47.4545,49.9824,47.8905,52.3676,53.4705,50.242,54.298,51.241,52.8694,42.6256,61.3247,42.4326,57.9104,43.7951,60.5676,51.6093,51.7098,50.0857,-0.0759,3.7723,105.1884,89.1786,94.8397,106.1462,110.5963,106.7907,104.6751,100.256,99.4412,107.9001,98.4647,108.2556,111.9925,109.757,116.5759,93.766,81.1404,83.6503,81.0048,114.7795,98.3533,106.3068,101.0774,105.9158,1,0,0,0,0,0,NA,1,0,-0.041,0,-0.041,10,3,0.3,-0.5046,3,1,0.3333,0.2727,8,8,1,1.8031,0.1904,0.0527,0.0384,0.306,0.2323,0.0261,0.1075,0.1233,0.109,0.0261,95.2118,88.7184,87.3693,94.7507,85.213,77.2941,86.4629,85.8813,84.4568,77.2941,-2.3253,-0.2951,-7.0199,2.1058,-0.3769,3.6565,4.6102,0.93,-1.8557,3.6565,8.8255,5.0597,3.3459,4.6962,0.3504,-5.1156,0.8161,0.3479,0.3532,-5.1156,-6.4917,-2.9508,0.3428,2.0058,6.5238,-0.3447,1.7715,1.0719,5.4519,-0.3447,-1.7451,-2.8648,0.457,0.3354,1.437,-0.6758,0.8436,0.4448,2.5596,-0.6758,31.4281,40.7553,42.9732,33.9577,31.2667,47.7678,24.8261,37.8831,23.7806,47.7678,2015.3091,2271.8544,1386.16,2024.4164,2098.9251,2395.5882,1612.1048,2271.3029,1903.8873,2395.5882,0.3333,0.6368,0.477,0.586,0.8506,0.7532,0.4734,18.717,71.4865,0.2095,7.2716,0.3037,0.2253,0.1119,0.083,18,759,33.5671,9.5352,-0.6748,0.5072,27.5788,27.8928,0.6733,0.8984,0.2496,0.5613,0.7553,0.4132,0.305,0.4737,0.2402,0.0682,0.25,0.097,0.6267,0.8,0.2022,0.4987,0.7016,0.211,0.3392,0.5934,0.5491,0.6447,0.8556,0.4509,0.1111,0.0706,0.1766,0.066,0.0348,0.3096,0.2313,85.3104,78.9029,95.4385,90.5925,88.4913,95.0589,85.5659,4.268,5.9106,-2.2472,0.3044,-6.4364,2.0379,-0.4994,-0.3013,-6.3988,7.891,4.9046,2.0918,3.5249,-0.8163,2.5927,1.9244,-6.7539,-2.543,-0.4973,2.0618,6.5174,1.1948,1.3945,-1.9577,-1.9713,-0.7313,0.3408,1.4419,0.3304,0.6341,0.477,0.5659,0.8562,0.7521,0.4826,18.717,330,87.2969,9.4862,21,0.0636,113,113,0.3424,8.9231,13,116,P,P,PHI,26,26,103.7,60.5709,56.2241,57.0876,118.5384,113.3328,128.5535,-0.041,0.044,79.2733,6.1749,-5.2776,2.3048,2.68,24.0395,2590.593,0.0026,36.94,-0.2438,8.1627,-0.0444,-0.8878,70.0499,921.8,NA,NA,NA,NA,NA,NA,NA,NA,NA,NA,NA,NA,NA,NA,NA,NA,NA,NA,NA,NA,NA,NA,NA,NA,NA,NA,NA,NA,NA,NA,NA,NA,NA,NA,NA,NA
SEA,5,9,2.8647,55,14,8,1,0,3,2,125.2,485,93,48,40,9,30,2,8,6,0,125,132,131,54,15,1950,675,1275,49,11,5,1,8.9523,2.1485,4.1667,6.6605,0.6446,0.2081,0.9788,0.2684,0.701,2.996,1.0076,0.1703,0.4164,0.4132,0.1145,0.0687,0.0833,0.2,0.3381,1.8626e-9,18.6746,80.6,4.334,41.8,23.0086,2.6057,20.8457,2.2576,-0.9802,0.632,-0.3482,2.6822,3.3929,0.3026,-8.1142,8.4167,11.925,1.2479,0.9754,0.9503,1.1026,1.1795,41,55,1.6885,-1.3783,0.5434,95.3059,0.2678,84.1226,0.0549,88.5701,0.0354,82.3333,0.0723,86.9787,0.0262,80.3922,0.0046,16.1863,3.6459,-0.9661,0.5989,2.3452,-1.6422,1.5285,0.6985,-0.9029,0.8679,1.6633,-3.22,0.342,0.685,0.4895,0.6184,0.8659,0.7673,0.43,0.6557,0.1138,0.1631,0.2769,4,9,7,74.5006,79.8348,86.1145,0.2577,0.0619,0.1959,3.073,3.4722,3.5093,-0.1312,134,106,82,53,155,114,322,0.4161,0.3292,0.2547,0.1646,0.4814,0.354,97.4666,53.5136,176.3061,83.576,67.9736,89.3314,73.5046,92.0596,97.5504,108.5418,59.5944,88.0306,100.4907,105.3882,70.2006,99.7833,94.6739,108.2571,99.5807,94.4644,108.889,2.7008,53.041,52.9612,54.3601,60.0421,64.6379,55.3202,56.5704,47.9964,58.7054,55.5128,52.7007,55.561,52.3231,51.2701,51.6081,54.0097,52.6598,55.6375,58.4021,64.5953,47.7996,57.5969,50.6512,59.4742,-0.5396,3.0767,94.7244,105.0875,95.7718,91.2721,125.9448,117.94970000000001,101.5278,114.5349,114.7127,104.569,107.1436,112.1007,109.2281,105.5064,107.0516,94.1744,112.4226,102.6361,139.9592,100.3177,117.4181,104.0349,109.6644,110.26220000000001,1,0,0,0,0,0,NA,1,0,-0.0972,0,-0.0972,16,7,0.4375,-1.8081,1,1,1,0.2138,16,10,0.625,1.2145,0.3453,0.0549,0.0267,0.1981,0.2663,0.0169,0.0723,0.1714,0.0949,0.0169,95.4262,88.529,80.3442,94.9329,84.0561,80.5667,86.9248,86.1593,80.2589,80.5667,-5.9194,1.5622,-1.7608,-5.6592,4.124,9.3908,-6.6316,1.9305,8.084,9.3908,8.2275,4.7538,-1.6589,3.6449,-0.053,-1.9999,0.5297,-0.4013,0.5757,-1.9999,11.4303,-1.0534,-2.1106,6.1598,4.2005,0.4143,2.8696,1.656,2.5445,0.4143,1.6984,-0.9845,-4.0588,1.5958,0.8093,1.2554,2.0352,0.4958,1.3754,1.2554,24.7951,26.7406,41.625,24.9826,24.2688,44.7603,20.9033,28.5066,16.618,44.7603,2062.373,1965.7103,692.2692,2031.5389,2071.1291,2322.9394,1651.6028,2102.018,2015.3622,2322.9394,0.3291,0.6386,0.4895,0.5696,0.8605,0.7662,0.5182,18.7579,71.4537,0.2294,7.2318,0.2874,0.2152,0.1256,0.0941,22,776,32.8675,10.3295,0.1574,0.482,26.5689,26.985,0.7045,0.8815,0.2616,0.5616,0.7783,0.4319,0.2883,0.4414,0.2157,0.0864,0.1429,0.0908,0.6375,0.8282,0.2303,0.475,0.7018,0.2017,0.3126,0.5733,0.5038,0.6691,0.8578,0.4962,0.0723,0.038,0.3433,0.0375,0.0262,0.2001,0.2827,87.2377,83.3518,95.7391,89.9816,80.656,95.2707,84.3993,-6.3932,7.1184,-5.5097,1.8584,-1.682,-5.4833,4.4244,-1.0711,-6.7691,7.1112,4.649,-3.7308,2.3879,-1.4076,2.8696,0.7281,10.9953,-0.7956,-1.6251,6.2717,3.6941,2.0352,0.9839,1.6435,-1.0899,-3.1866,1.6081,0.6704,0.3294,0.6389,0.4895,0.5806,0.8556,0.7662,0.5172,18.7579,322,89.5207,15.581,22,0.0683,113.1,135,0.4193,8.9762,14,125.6667,P,P,SEA,11,11,104.5,59.844,51.477,58.3971,98.8584,110.3489,113.4168,-0.0972,0.0195,83.9,5.0353,-7.8265,0.5507,1.4492,34.5119,2356.5789,NA,NA,NA,NA,NA,NA,NA,NA,NA,NA,NA,NA,NA,NA,NA,NA,NA,NA,NA,NA,NA,NA,NA,NA,NA,NA,NA,NA,NA,NA,NA,NA,NA,NA,NA,NA,NA,NA,NA,NA,NA,NA,NA,NA
NYM,7,7,3.2622,55,14,3,0,0,2,2,129.2,541,110,53,47,7,47,2,2,3,1,123,169,114,79,11,2088,765,1323,56,12,7,2,8.5373,3.2622,2.617,7.635,0.4859,0.2236,1.2108,0.2845,0.7105,3.0855,1.4825,0.2182,0.4669,0.3149,0.0965,0.0614,0.071,0.2857,0.3272,0.31,15.7978,74.6,6.5221,51.8,22.3198,2.4781,19.8246,1.9712,-0.3692,-0.1377,-0.5069,3.419,3.5037,1.5357,-8.7629,10.2986,12.1206,1.278,1.0522,0.96,1.2934,1.4343,41,55,1.3758,0.0837,0.4854,93.154,0.1854,81.3152,0.068,89.1408,0.0671,79.8714,0.1485,86.9484,0.0455,83.6632,0.0043,8.3098,0.6085,-2.6268,1.6608,2.3535,1.849,0.8203,0.1572,-1.8499,1.1863,0.7592,1.9463,0.3227,0.649,0.4581,0.5964,0.8737,0.7594,0.4149,0.6063,0.1102,0.17,0.2802,4,19,5,89.9638,78.6239,89.2526,0.2274,0.0869,0.1405,3.5566,4.1369,3.8869,0.1768,154,139,76,74,184,111,369,0.4173,0.3767,0.206,0.2005,0.4986,0.3008,100.4017,91.7444,100.539,98.01,52.1851,97.6889,96.0463,102.0612,97.7423,101.4829,92.7324,118.4025,106.1025,83.8245,62.5793,103.4026,106.4372,84.9408,118.1913,99.2857,91.6857,3.2965,52.82,54.7758,51.6607,55.0277,61.2578,51.2163,53.0146,52.9899,51.1887,50.7022,52.0308,50.0252,49.8813,52.4081,47.7669,53.478,54.5105,53.905,48.2413,43.4176,50.496,52.1822,53.0191,51.3008,-0.1203,3.7058,94.6157,104.6573,98.8011,106.3684,103.4316,110.7588,96.4579,106.01220000000001,104.498,97.7406,95.5977,101.7481,101.4402,95.5132,94.2256,92.7183,112.2645,112.7684,105.3997,94.5142,94.498,98.356,100.6539,101.194,1,0,0,0,0,0,NA,1,0,-0.0358,0,-0.0358,12,3,0.25,-0.4905,1,1,1,0.1146,9,6,0.6667,1.3713,0.2554,0.0719,0.0283,0.2295,0.1806,0.0652,0.1476,0.0479,0.1327,0.0652,93.3841,88.904,83.4508,92.8058,81.2204,80.2368,86.8808,83.487,80.4022,80.2368,-2.5314,-0.002,-5.6367,-3.4365,-0.0931,2.4767,-5.2472,0.7248,-0.3884,2.4767,9.4393,4.0532,3.5543,3.4731,0.2694,-5.0344,0.7918,1.0419,-0.0095,-5.0344,6.891,-1.9024,1.2368,2.3605,2.7939,-0.7539,2.3672,1.5786,1.2153,-0.7539,1.2929,-1.2683,2.0963,0.4928,0.7411,-0.5543,0.7686,1.5786,0.4387,-0.5543,36.3219,37.4826,38.438,27.5246,27.1164,34.0127,29.7705,37.647,23.3148,34.0127,2257.591,2267.8,1172.3559,1979.5449,2321.6525,2505.5588,1719.1656,1976.62,2446.213,2505.5588,0.3015,0.6171,0.4571,0.5455,0.8661,0.7589,0.4931,18.6286,71.5097,0.25,7.3563,0.3253,0.2387,0.1404,0.103,15,796,32.9804,9.7629,-0.8081,0.495,28.0843,26.6241,0.6733,0.8787,0.2555,0.5211,0.7843,0.3985,0.2766,0.4519,0.2483,0.0938,0.1111,0.0977,0.5938,0.828,0.2142,0.4365,0.7152,0.1842,0.297,0.5667,0.5323,0.6393,0.8606,0.4677,0.1616,0.0695,0.2474,0.0551,0.0321,0.2397,0.1946,86.8317,80.4557,93.9542,88.6794,85.3694,93.2592,82.4655,-4.3583,3.8827,-1.8946,0.6734,-5.3813,-2.6586,0.4307,-0.353,-6.6351,8.5042,2.8375,0.2573,2.0791,-0.9606,3.678,-0.787,6.3587,-1.7025,0.5841,2.9326,2.7307,1.0914,-0.5428,1.2323,-1.4804,0.8718,0.5865,0.6726,0.2984,0.6172,0.4569,0.5463,0.8641,0.7597,0.4971,18.6286,369,87.824700000000007,9.7444,17,0.0461,111.3,140,0.3794,9.2619,14,129.6667,P,P,NYM,25,25,104,NA,NA,NA,NA,NA,NA,-0.0358,0.0043,75.0778,4.265,-5.6132,0.0448,0.4977,33.8466,2359.2222,NA,NA,NA,NA,NA,NA,NA,NA,124.8817,75.44,86.97,0.0172,83.8028,-5.9579,1.3329,0.7921,2.2003,48.3068,1179.0278,NA,NA,NA,NA,NA,NA,NA,NA,NA,NA,NA,NA,NA,NA,NA,NA,NA,NA,NA,NA,NA,NA,NA,NA,NA
MIN,7,7,4.3525,65,14,4,0,0,5,1,122,543,121,65,59,9,53,1,12,7,0,111,125,159,80,23,2169,838,1331,64,10,3,2,8.1885,3.9098,2.0943,8.9262,0.6639,0.2531,1.4262,0.3128,0.6978,3.8849,0.7862,0.2198,0.3434,0.4368,0.1447,0.0566,0.08,0.6667,0.3186,-5.5879e-9,15.2125,68.7,-1.7601,48.4,13.4523,1.6009,12.8074,1.0325,0.0422,-0.6106,-0.5684,4.1957,4.5861,0.618,-9.1477,9.7657,-3.0338,-0.305,0.9823,0.9072,1.0717,1.1279,51,65,-0.5328,1.1619,0.4657,93.0525,0.2024,82.9043,0.0779,89.0178,0.065,79.3617,0.0811,84.6705,0.1079,86.7949,0.0018,-3.8064,-4.6785,-1.6574,0.7895,-2.3824,1.789,-0.3769,-1.0657,-0.9807,0.5599,-1.3537,0.7645,0.2802,0.6799,0.4477,0.6516,0.8657,0.7878,0.4191,0.5654,0.095,0.1651,0.26,14,12,8,105.0271,98.089,115.1407,0.2044,0.0976,0.1068,4.1541,4.5409,4.7213,0.4676,145,130,92,54,195,118,367,0.3951,0.3542,0.2507,0.1471,0.5313,0.3215,89.1516,97.3821,89.8988,112.0068,70.0166,108.6892,107.1073,107.3171,98.0494,86.0898,94.0376,113.5763,82.8743,111.3976,57.8382,94.735,101.8726,106.5664,89.0191,104.2703,98.8896,4.1605,48.258,54.3537,48.4543,50.5735,47.467,51.5396,50.7258,47.581,52.4629,43.5596,47.533,47.1289,42.384,45.023,44.4439,45.9049,51.4053,46.791,52.1769,53.2936,54.93,45.9053,48.1493,48.7733,0.3659,4.435,92.7136,92.9277,87.7738,113.4307,106.0633,102.8936,100.6769,97.3202,100.5017,97.0717,80.5521,84.523,99.2302,88.518,86.2771,97.6665,91.2173,91.5998,97.5029,99.6939,97.9237,99.8832,94.3161,94.7036,0,0,0,0,0,0,NA,0,0,0,0,0,15,7,0.4667,-1.4263,0,0,NA,NA,25,17,0.68,3.514,0.3681,0.0784,0.1084,0.0978,0.2016,0.0507,0.0807,0.1282,0.0733,0.0507,93.2095,88.9671,86.706,92.1708,82.8744,79.5609,84.5674,84.9327,79.2755,79.5609,-4.3952,0.639,-8.249,1.1568,0.6854,4.9049,-8.635,0.275,1.4028,4.9049,9.7148,3.8521,3.0511,3.7341,1.5139,-6.6075,2.1006,2.1023,0.4852,-6.6075,1.3844,-1.5403,2.3485,-5.367,-4.2572,-1.2913,-0.9332,-3.2124,-1.0449,-1.2913,0.1735,-0.906,0.9994,-2.5316,-0.9742,-1.1739,-0.5332,-1.1555,-0.6571,-1.1739,32.6432,35.5068,40.9935,21.7216,23.7908,37.5584,21.0393,26.6281,18.83,37.5584,2131.4311,2118.6059,1486.5404,1870.9717,2086.9542,2470.6364,1832.68,1982.0576,2270.3585,2470.6364,0.257,0.6448,0.4479,0.5936,0.8677,0.7878,0.4922,19.2219,72.0307,0.232,7.4225,0.3274,0.2535,0.1319,0.1021,9,793,31.8622,10.6002,0.5279,0.546,28.817,27.679,0.7169,0.9065,0.2656,0.4842,0.7419,0.4075,0.2339,0.5204,0.2072,0.0496,0.25,0.1197,0.5513,0.7662,0.2072,0.4148,0.7083,0.2003,0.2581,0.6259,0.5254,0.6579,0.8582,0.4746,0.095,0.0595,0.3538,0.0867,0.0946,0.0964,0.214,85.9384,80.1165,94.1855,90.4599,87.4531,92.9392,83.7371,-8.1577,5.9917,-3.8488,0.86240000000000006,-6.9801,1.3569,1.3262,0.5817,-8.3659,8.4811,3.333,1.6493,2.4397,-0.0856,-0.3008,0.733,0.8636,-0.1739,1.7025,-4.1202,-6.3213,-0.146,0.5682,0.1126,-0.0925,0.8305,-1.9714,-1.3624,0.2535,0.6374,0.4474,0.6066,0.861,0.7897,0.5051,19.2219,367,89.7675,19.2011,23,0.0627,115.7,147,0.4005,8.7143,14,122,P,P,MIN,8,8,104.6,67.9288,55.4125,67.9617,116.9065,114.6406,115.3032,NA,0.0143,78.3581,7.7972,-5.9701,2.0565,6.6338,27.1113,2431.2581,NA,NA,NA,NA,NA,NA,NA,NA,NA,NA,NA,NA,NA,NA,NA,NA,NA,NA,NA,NA,NA,NA,NA,NA,NA,NA,NA,NA,NA,NA,NA,NA,NA,NA,NA,NA,NA,NA,NA,NA,NA,NA,NA,NA
ATL,9,5,2.25,57,14,7,0,0,3,0,124,483,83,37,31,10,35,0,7,3,1,111,127,135,65,11,1809,634,1175,77,8,3,2,8.0565,2.5403,3.1714,6.0242000000000004,0.7258,0.1882,0.9516,0.2281,0.7928,3.4213,0.9407,0.1988,0.3884,0.4128,0.0815,0.0741,0.063,0.6667,0.323,0.11,5.7972,73.8,8.3301,46,14.1274,1.5497,12.3977,3.241,0.2934,1.3979,1.6913,3.626,3.7599,1.5219,-6.1891,7.711,26.1839,2.6499,0.8449,0.8022,0.9008,0.9062,43,57,2.6827,-0.8813,0.4652,94.1213,0.318,83.2783,0.0454,89.061,0.0481,79.7011,0.1178,85.9624,0.0055,87.9,6e-4,15.3715,7.3447,0.7201,-1.1019,2.3546,-0.3348,1.8278,1.2773,0.8782,-1.2665,1.1055,-3.3478,0.3577,0.6972,0.4972,0.6089,0.861,0.7542,0.411,0.6253,0.1222,0.152,0.2742,6,9,5,59.7048,88.7903,96.0604,0.2298,0.0725,0.1573,3.5054,3.9345,5.5887,-1.1713,144,107,79,56,173,101,330,0.4364,0.3242,0.2394,0.1697,0.5242,0.3061,94.747,71.4425,117.0879,77.3325,77.957,82.2351,75.4866,81.8285,108.8221,102.5796,77.3485,107.847,88.268,109.8906,75.4925,108.1149,91.6167,98.7284,100.0125,104.3824,93.2851,3.0958,51.2297,41.8988,53.4172,46.9933,45.2469,48.6665,51.8168,47.7354,53.4998,47.151,46.5676,49.2262,50.3861,44.8102,50.3199,47.7306,40.2302,54.9079,57.0687,43.2239,60.3272,50.4736,44.8585,53.7039,0.0121,3.9043,91.4294,109.3266,100.128,100.7854,94.8499,87.3974,95.5392,107.0075,101.398,95.122,99.0977,98.431,104.3844,97.9088,98.8048,87.7892,96.1716,88.886,79.1,124.34,105.88,97.6477,102.6546,98.9648,1,0,0,0,0,0,NA,1,0,-0.0972,0,-0.0972,9,6,0.6667,-1.1808,1,0,0,NA,13,7,0.5385,1.6148,0.3673,0.0459,0.0055,0.0973,0.3191,0.047,0.1178,0.3003,0.0188,0.047,94.6071,89.1458,87.97,92.0824,83.2437,79.5,85.8995,83.2519,83.1118,79.5,-0.8717,0.4461,-10.6943,-1.4225,-0.1291,-0.1058,0.9193,-0.2441,1.7062,-0.1058,8.8382,6.3881,4.1329,4.5663,-0.624,-4.3185,3.4646,-0.7415,1.2531,-4.3185,15.7179,0.7712,-0.3348,0.0396,7.842,0.1047,2.5227,8.6532,-0.8112,0.1047,2.3672,0.9291,-3.3478,0.0225,1.3591,0.1232,1.1843,1.5936,-2.3859,0.1232,31.6958,34.2465,23.5555,35.011,32.1678,39.7162,32.4338,33.0083,18.7435,39.7162,2114.9774,1876.6867,1950.9,2005.0682,2278.7626,2363.8,1508.1831,2270.4088,2412.1765,2363.8,0.3235,0.6753,0.4972,0.5405,0.859,0.7542,0.4939,18.3645,72.3061,0.3043,7.4567,0.2952,0.2212,0.1234,0.0925,16,746,33.0213,11.2825,-2.5267,0.5094,27.1339,27.0379,0.7609,0.902,0.2342,0.5506,0.7679,0.4287,0.3085,0.4516,0.242,0.1266,0,0.0951,0.6056,0.7983,0.2366,0.4828,0.7208,0.1921,0.3323,0.5597,0.5293,0.6827,0.8606,0.4707,0.1184,0.0597,0.3601,0.0514,0.0055,0.099,0.3059,86.0195,80.7605,94.717,89.8128,88.0242,92.1468,83.2382,0.9345,0.5037,-0.6158,0.5339,-9.9666,-1.2439,0.0121,2.1028,-5.4788,7.9172,5.4971,2.7949,3.4209,-1.8977,2.3993,1.7986,14.8213,1.2205,-0.3348,0.4869,6.2715,1.1211,1.6654,2.2767,1.3124,-3.3478,0.272,1.1341,0.3286,0.6704,0.4972,0.5382,0.8612,0.7531,0.4934,18.3645,330,88.0172,14.8374,16,0.0485,116.9,115,0.3485,8.8571,14,124,P,P,ATL,16,16,104.1,NA,NA,NA,NA,NA,NA,-0.0972,NA,NA,NA,NA,NA,NA,NA,NA,NA,NA,NA,NA,NA,NA,NA,NA,NA,NA,NA,NA,NA,NA,NA,NA,NA,NA,NA,NA,NA,NA,NA,NA,NA,NA,NA,NA,NA,NA,NA,NA,NA,NA,NA,NA,NA,NA,NA,NA,NA,NA,NA,NA
TEX,7,6,3.3458,62,13,3,0,0,5,2,115.2,480,100,47,43,15,35,1,5,5,0,126,130,130,53,13,1887,668,1219,51,9,1,0,9.804,2.7233,3.6,7.781,1.1671,0.2273,1.1671,0.2843,0.7815,3.6918,1,0.1693,0.4153,0.4153,0.1,0.1154,0.0692,0,0.3667,0.01,9.7741,64.5,4.1111,47.9,13.8853,1.5472,12.3775,2.2234,0.4023,0.274,0.6762,3.4793,3.4377,0.7768,-8.2767,9.0535,10.6101,1.1099,1.0116,0.962,1.0957,1.1535,49,62,0.7841,-0.0162,0.3897,94.8395,0.1744,86.0669,0.1055,89.8744,0.1113,81.0143,0.1453,87.6569,0.0737,88.0216,0.0026,-1.9003,4.1865,-0.2603,3.238,0.5952,0.4965,-0.2585,1.2725,-0.1308,1.5419,0.2172,0.3572,0.3355,0.6654,0.4788,0.5503,0.8257,0.7165,0.4343,0.6312,0.1357,0.1664,0.3021,12,15,6,82.5024,92.7191,87.2047,0.2625,0.0729,0.1896,3.1128,3.5477,3.9683,-0.346,126,114,74,49,151,114,314,0.4013,0.3631,0.2357,0.1561,0.4809,0.3631,106.7403,67.8301,147.3727,97.6362,123.0839,97.5834,87.6506,97.5173,109.3384,110.5498,70.251,87.5045,100.2329,105.9203,117.901,96.2165,104.4132,100.1845,94.4108,94.3712,111.6632,3.1438,47.7442,56.2666,48.2478,47.4525,49.5157,50.0766,56.8719,53.3703,55.1957,56.7723,53.5397,54.0721,52.3677,48.8006,54.5669,50.6027,46.1885,50.9119,55.488,54.9285,60.7052,52.9946,52.1579,54.5736,-0.1832,3.6114,99.886,92.6939,92.7501,101.5194,97.2764,94.499,102.1915,106.922,107.6783,101.7903,100.923,109.067,103.6374,106.1647,107.5474,94.32,107.1034,103.7889,98.5385,105.7373,108.0793,100.8875,103.0293,103.7723,0,0,1,0,0,0,0.0422,0,1,0,0.0422,0.0422,11,7,0.6364,-0.9109,0,0,NA,NA,3,2,0.6667,0.4015,0.2953,0.105,0.0758,0.0933,0.1744,0.1119,0.1442,0.166,0.0085,0.1119,94.974,89.801,87.8301,94.267,86.0419,80.9863,87.739,86.2994,81.0062,80.9863,-0.1329,0.1595,-7.874,-5.8166,0.5142,1.7679,2.1972,0.6361,-1.8697,1.7679,9.9264,5.0971,0.697,6.2369,0.9463,-6.5485,2.9252,0.9568,0.742,-6.5485,4.9652,-0.1665,0.6223,-4.9762,4.1481,3.4597,0.4238,4.9843,-0.8362,3.4597,0.8914,-0.0841,0.4352,-2.8274,1.2608,1.6397,0.1558,1.5924,-5.226,1.6397,38.5161,37.3942,35.3082,27.9837,33.7681,47.0351,34.9673,33.7995,33.1551,47.0351,2147.8007,2190.5101,1510.3916,1684.5455,2041.9909,2319.7773,1517.8309,2017.3259,2524.5,2319.7773,0.2984,0.6599,0.4788,0.5,0.8148,0.7165,0.4989,19.3205,72.5149,0.284,7.3646,0.3373,0.2337,0.1412,0.0978,15,736,31.5849,11.2551,0.4328,0.572,26.9703,27.5438,0.724,0.8688,0.2565,0.5272,0.6772,0.4161,0.2682,0.4579,0.2316,0.0909,0,0.0958,0.5657,0.7277,0.2298,0.4798,0.6039,0.1863,0.3042,0.5137,0.509,0.6598,0.8134,0.491,0.1601,0.1204,0.298,0.1013,0.0594,0.0901,0.1707,87.6841,81.4364,95.216,90.498,88.768,94.5544,86.2001,1.1879,2.0142,-0.117,0.5495,-7.2312,-5.4884,0.6969,1.1868,-7.7966,8.6886,4.2918,-0.8,5.0436,-0.3661,1.1777,3.3555,3.0789,-0.3393,-0.1135,-3.2142,4.5225,0.39,1.4782,0.5478,-0.1776,-0.1013,-1.8907,1.4045,0.3028,0.654,0.4793,0.5035,0.8129,0.7157,0.5027,19.3205,314,89.1051,15.0831,20,0.0637,110.1,126,0.4013,8.8974,13,115.6667,P,P,TEX,13,13,104.3,NA,NA,NA,NA,NA,NA,NA,NA,NA,NA,NA,NA,NA,NA,NA,NA,NA,NA,NA,NA,NA,NA,NA,NA,NA,NA,NA,NA,NA,NA,NA,NA,NA,NA,NA,NA,NA,NA,NA,NA,NA,NA,NA,NA,NA,NA,NA,NA,NA,NA,NA,NA,NA,NA,NA,NA,NA,NA,NA
MIA,8,6,3.4839,53,14,6,1,1,5,2,124,521,91,56,48,12,54,2,6,6,0,129,136,140,48,17,1971,718,1253,67,11,7,3,9.3629,3.9194,2.3889,6.6048,0.871,0.1974,1.1694,0.2469,0.7079,3.7762,0.9714,0.1481,0.4198,0.4321,0.1214,0.0857,0.0809,0.4286,0.3743,0.08,6.5348,76.5,6.178,44.7,12.7128,1.5312,12.2493,1.4832,-1.0783,1.0303,-0.0479,3.4483,3.9564,0.3981,-8.9596,9.3577,7.7801,0.7359,1.0274,0.8722,1.0669,1.1339,39,53,1.3094,-0.922,0.3702,95.9136,0.3306,85.7849,0.0818,88.5342,0.0533,81.4952,0.1569,87.9709,0.0071,83.0714,0.0051,0.6083,5.2571,1.6568,-0.5389,2.1914,-0.6988,0.0834,0.8075,1.0291,-0.5132,0.7092,-4.9916,0.3246,0.6525,0.4622,0.5418,0.8293,0.7121,0.4195,0.6161,0.1329,0.1715,0.3044,7,9,5,91.6473,96.4535,101.282,0.2476,0.1036,0.144,3.6773,4.0952,4.8629,-0.2923,141,113,77,48,183,100,332,0.426,0.3414,0.2326,0.145,0.5529,0.3021,110.1114,110.2255,95.2501,84.7863,93.5484,86.2498,92.759,88.5542,97.3905,110.5191,110.6336,80.3782,95.3984,115.0158,87.3556,105.5427,96.4618,95.9383,85.466,110.0825,92.0824,3.3876,56.8784,56.8101,55.9445,45.7881,50.5693,45.6426,53.9076,57.4254,51.5934,50.1373,55.7598,48.62,54.0015,53.9026,52.3344,54.6977,56.8096,50.5077,49.5118,52.0371,44.5039,54.9569,56.8774,52.4997,-0.3352,3.3834,95.0053,105.2663,98.5922,96.6396,87.8341,84.263,107.3444,93.2037,97.5228,102.8057,94.9265,100.121,104.7081,104.0285,109.7573,104.9719,110.1862,115.9724,88.2377,77.6127,73.6336,103.0726,99.4111,102.238,2,0,0,0,0,0,NA,2,0,-0.0715,0,-0.0715,11,5,0.4545,-0.5146,0,0,NA,NA,28,18,0.6429,2.8299,0.2717,0.0838,0.0223,0.098,0.3296,0.0533,0.1412,0.1671,0.1625,0.0533,95.9643,88.4727,86.4182,95.5425,85.7126,81.4714,87.8878,87.0666,84.3206,81.4714,-5.1015,0.9561,-8.1279,-9.5806,3.0953,3.2825,-8.4147,0.4153,5.8507,3.2825,10.6148,2.785,2.0728,4.8089,0.7443,-7.0526,3.2047,0.969,0.5133,-7.0526,-2.2165,2.0128,-0.2542,2.9226,5.3474,-0.2795,2.897,5.0588,0.2887,-0.2795,-0.4143,1.2199,-0.5776,1.5143,0.824,-0.2662,1.0421,1.5376,0.0902,-0.2662,36.2941,40.8315,23.2884,26.3643,30.6575,35.2099,33.4442,36.1691,24.9909,35.2099,2253.3103,2203.3212,1190.0455,2185.601,2453.1202,2260.5143,1559.2014,2490.1793,2415.0188,2260.5143,0.3047,0.6218,0.4627,0.4718,0.8311,0.7124,0.4982,19.9521,72.3563,0.2709,7.5095,0.3271,0.2345,0.1391,0.0997,26,742,32.6445,13.9317,2.158,0.535,26.7631,27.7346,0.685,0.8489,0.2469,0.5368,0.7332,0.4062,0.2742,0.3525,0.242,0.0829,0,0.1049,0.6063,0.7729,0.2251,0.4505,0.6667,0.1811,0.297,0.5,0.5267,0.647,0.8209,0.4733,0.1564,0.064,0.2702,0.0508,0.0071,0.0995,0.352,87.8932,82.0695,96.0042,89.8904,83.0674,95.5608,85.8254,-7.7919,3.5688,-4.5828,1.7019,-9.5351,-9.0708,3.575,1.1676,-7.8366,9.0795,2.0536,2.4456,3.3379,-0.892,3.266,0.5285,-2.3008,1.5742,-0.4161,3.0158,4.9334,1.0604,0.4194,-0.4325,1.5742,-2.972,1.5387,0.7119,0.3028,0.6267,0.4632,0.4784,0.8249,0.7105,0.4952,19.9521,332,89.1814,15.6471,30,0.0904,116.3,128,0.3855,8.8571,14,124,P,P,MIA,20,20,105.2,NA,NA,NA,NA,NA,NA,-0.0715,NA,NA,NA,NA,NA,NA,NA,NA,NA,NA,NA,NA,NA,NA,NA,NA,NA,NA,NA,NA,NA,NA,NA,NA,NA,NA,NA,NA,NA,NA,NA,NA,NA,NA,NA,NA,NA,NA,NA,NA,NA,NA,NA,NA,NA,NA,NA,NA,NA,NA,NA,NA
TOR,6,7,4.3989,68,13,3,0,0,2,5,118.2,513,111,67,58,16,46,5,5,6,2,151,127,109,68,6,2050,729,1321,51,17,7,3,11.4522,3.4888,3.2826,8.4185,1.2135,0.2403,1.323,0.322,0.6805,3.6443,1.1651,0.2237,0.4178,0.3586,0.055,0.1468,0.1339,0.4286,0.4152,0.67,10.6045,53.5,1.0534,61.2,11.6579,1.5165,12.1318,0.188,-0.7249,-0.6036,-1.3284,4.0563,3.0617,-0.2858,-9.8222,9.5364,-5.724,-0.5955,1.0617,0.9929,1.2633,1.3562,55,68,0.0364,-0.3056,0.4192,91.7369,0.2279,86.0193,0.0761,88.4103,0.1332,82.685,0.082,85.7083,0.0615,84.2302,0.0102,5.3724,1.6807,-5.9392,-7.6702,1.0778,3.0399,0.6254,0.3599,-3.8072,-2.8096,0.6415,2.4126,0.3506,0.7161,0.4927,0.59,0.8281,0.7245,0.3887,0.5984,0.1356,0.1473,0.2829,9,16,12,107.5968,90.9232,78.0569,0.2943,0.0897,0.2047,2.9069,3.3666,3.868,0.7545,128,119,64,47,162,102,311,0.4116,0.3826,0.2058,0.1511,0.5209,0.328,124.685,86.8944,143.4902,105.6363,127.9704,103.1596,99.3575,110.4678,95.6196,123.9619,86.3905,115.5938,100.8188,91.4393,149.9902,98.6866,110.0441,87.4819,91.4309,102.2226,100.8729,3.766,45.4513,44.5088,48.0856,47.6511,48.3753,47.3568,52.8731,50.7545,51.7769,48.6931,49.8643,49.4487,48.8617,49.86,50.6891,45.9842,49.8178,42.9755,64.068,56.1414,60.5105,49.5623,50.0324,49.1106,0.0827,4.0102,95.6822,104.5731,95.5453,108.3263,91.4413,92.9661,100.7879,107.0992,106.0447,109.8308,94.1105,104.7034,102.0742,101.1762,104.2351,99.7823,91.6253,98.1592,107.7979,117.1313,122.3529,101.6632,101.3346,102.4647,0,0,1,0,0,0,0.0422,0,1,0,0.0422,0.0422,7,3,0.4286,-0.6742,0,0,NA,NA,10,5,0.5,1.2925,0.2728,0.063,0.0835,0.1332,0.2313,0.0883,0.061,0.1962,0.0351,0.0883,94.1367,88.8682,85.724,90.7795,86.358,79.721,84.0656,86.8985,83.3403,79.721,-3.7619,-0.1502,-8.8749,0.4838,0.0831,2.2964,1.7998,0.3318,-1.3055,2.2964,10.2046,5.2791,1.8765,1.2726,2.0912,-5.121,3.169,2.6848,-1.2229,-5.121,7.0327,-6.151,3.2424,-1.0333,3.1017,-5.4943,1.2059,1.9335,1.1681,-5.4943,1.2581,-4.7682,1.8962,-0.3785,0.6544,-3.0355,0.9647,0.481,1.6224,-3.0355,41.3277,27.2442,34.7718,11.4295,34.4727,35.8556,32.4277,33.0941,42.1694,35.8556,2253.0447,1880.2403,1652.6433,1870.1429,2305.3544,2266.0552,1318.68,2220.8284,2777.2917,2266.0552,0.3306,0.6803,0.4929,0.5262,0.8346,0.7238,0.4641,19.3835,71.4595,0.2344,7.2717,0.2948,0.207,0.1261,0.0885,19,802,34.1493,10.5921,-0.7712,0.4589,27.4075,27.9615,0.7427,0.8404,0.2373,0.5966,0.7309,0.4066,0.2863,0.4318,0.2447,0.0905,0.1579,0.1115,0.6676,0.7895,0.1964,0.5303,0.6619,0.2102,0.3336,0.5573,0.5617,0.6971,0.8259,0.4383,0.061,0.1181,0.2845,0.0732,0.083,0.1362,0.244,83.9017,82.9161,91.9584,88.4944,85.5918,90.7222,85.2897,1.804,3.394,-3.0046,-0.2797,-8.1541,0.5818,0.0441,1.3941,-7.9999,8.8946,3.0816,0.1009,0.0903,0.1917,1.3705,-6.9979,6.3633,-4.4536,3.2472,-1.4892,1.1129,1.0964,-2.8917,1.0915,-2.9691,1.9101,-0.5337,0.2226,0.3396,0.6752,0.4929,0.5238,0.8418,0.7228,0.4568,19.3835,311,88.3747,11.9737,22,0.0707,112.5,120,0.3859,9.1282,13,118.6667,P,P,TOR,14,14,105.8,49.3731,58.4745,46.3887,105.9582,94.8699,103.4232,NA,0.0542,86.1802,0.3377,-5.2428,-2.5122,-2.2633,42.8507,2276.7207,0.0127,48.4462,-1.9546,10.8963,0.0976,0.3753,61.9276,1335.8077,NA,NA,NA,NA,NA,NA,NA,NA,NA,NA,NA,NA,NA,NA,NA,NA,NA,NA,NA,NA,NA,NA,NA,NA,NA,NA,NA,NA,NA,NA,NA,NA,NA,NA,NA,NA
LAA,7,7,3.816,56,14,5,0,0,4,1,125,549,102,64,53,8,71,5,6,7,0,128,154,124,63,13,2201,829,1372,61,7,3,1,9.216,5.112,1.8028,7.344,0.576,0.2161,1.384,0.2798,0.6853,3.7792,1.2419,0.1848,0.4516,0.3636,0.1048,0.0645,0.0455,0.3333,0.377,-0.12,11.1901,70.9,2.0436,49.9,13.2338,1.4917,11.9339,1.433,-0.5196,0.4608,-0.0588,3.8686,4.2109,0.4696,-9.2482,9.7179,0.5797,0.0264,1.0278,0.9458,1.2181,1.3329,42,56,0.4534,0.0036,0.4588,94.8323,0.2362,86.052,0.0396,90.2874,0.0719,82.3987,0.1497,85.0304,0.0437,88.5104,0.0104,-2.2272,3.2851,-4.1842,2.7199,1.004,1.1858,-0.221,0.633,-4.8095,1.7214,0.3052,1.2352,0.3353,0.6529,0.4611,0.6022,0.8222,0.7256,0.396,0.5756,0.1263,0.1622,0.2885,10,13,9,91.7008,94.2782,106.0127,0.2332,0.1293,0.1038,4.1279,4.5768,4.392,0.0368,150,120,74,60,175,109,344,0.436,0.3488,0.2151,0.1744,0.5087,0.3169,100.3381,127.3243,78.8052,92.1529,60.7433,92.787,103.9359,95.9672,95.2926,98.1898,124.5982,95.474,108.9878,92.7358,65.9231,104.5542,100.3236,91.4475,105.5233,99.8325,97.4547,3.7036,46.9764,49.628,45.7746,46.5365,46.5238,46.6535,50.823,54.1956,48.7849,48.728,52.05,44.9489,52.3749,50.4281,53.0951,45.9358,51.7804,43.1903,54.9634,49.2194,53.3322,49.9212,52.5882,47.3649,0.0549,3.9685,101.6601,93.1104,95.4169,96.8843,93.3246,88.4808,101.3967,94.7662,93.0764,105.8741,101.5026,110.4936,98.5346,108.2144,111.0786,87.7748,87.4381,89.8724,96.6656,93.3231,91.1031,100.8054,99.2198,101.302,4,0,0,0,0,0,NA,4,0,-0.511,0,-0.511,14,3,0.2143,-0.6994,0,0,NA,NA,14,10,0.7143,1.2271,0.2799,0.0382,0.041,0.1825,0.2376,0.036,0.1411,0.1925,0.0451,0.036,94.3901,90.3119,87.8544,95.3703,85.9626,77.0165,85.4929,86.3109,84.4747,77.0165,0.19,-0.313,-6.7122,-5.207,0.9531,-3.9388,-0.4132,-0.2373,6.0393,-3.9388,9.8163,5.7863,0.5559,4.554,-0.4912,-5.7127,3.6005,-0.7877,0.7755,-5.7127,-6.2025,-4.4095,0.8035,5.0313,3.9564,-0.9369,1.2055,2.9504,1.0061,-0.9369,-1.0085,-5.2494,0.8928,1.2547,0.7579,-1.186,0.3889,0.6975,1.0162,-1.186,40.6368,37.6395,28.4422,33.3735,40.5962,51.5073,38.7717,41.6204,36.2201,51.5073,2176.2764,2389.8571,1477.4222,1903.414,2460.4559,2451.3165,1484.2484,2405.1017,2696.9697,2451.3165,0.3153,0.6206,0.4611,0.5552,0.8203,0.7256,0.4775,18.6154,72.0044,0.2637,7.4034,0.3172,0.2236,0.131,0.0923,23,823,33.1122,11.733,-0.3401,0.5286,29.1203,27.6604,0.7016,0.8387,0.2354,0.5255,0.7417,0.4174,0.3191,0.4331,0.2383,0.04,0.1111,0.109,0.5633,0.7831,0.214,0.4857,0.6912,0.2034,0.3181,0.5677,0.5494,0.6354,0.8219,0.4506,0.1625,0.0728,0.2617,0.0605,0.0323,0.173,0.2362,84.9526,82.4553,95.2198,89.0101,90.5199,95.4118,86.0299,-1.1259,1.6884,0.0338,-0.5667,-6.5885,-4.7309,1.1756,1.4882,-6.6626,8.5729,5.7993,-1.4469,3.0559,-2.0578,0.5905,2.4626,-6.1444,-5.406,0.9471,6.1514,4.2162,0.1654,1.5391,-1.0686,-4.0646,1.3339,1.6188,0.8124,0.3147,0.6221,0.4615,0.5651,0.8144,0.7256,0.4774,18.6154,344,88.3051,12.5833,25,0.0727,113,131,0.3808,8.9286,14,125,P,P,LAA,1,1,103.5,59.3529,64.8293,56.2711,103.2975,109.385,111.3473,-0.511,0.0437,85.7,4.9557,-3.8711,3.3008,3.4383,39.8746,2380.3958,NA,NA,NA,NA,NA,NA,NA,NA,NA,NA,NA,NA,NA,NA,NA,NA,NA,NA,NA,9e-4,95.4211,0,0,-0.0994,-4.9677,NA,NA,NA,NA,NA,NA,NA,NA,NA,NA,NA,NA,NA,NA,NA,NA,NA,NA,NA
PIT,8,5,3.0769,60,13,6,0,0,3,1,117,497,94,48,40,9,59,0,4,3,1,126,127,120,59,17,1965,744,1221,56,7,2,0,9.6923,4.5385,2.1356,7.2308,0.6923,0.2166,1.3077,0.2843,0.7548,3.6087,1.0583,0.1928,0.415,0.3922,0.1417,0.075,0.0551,0,0.3903,-0.25,14.0502,64.3,-2.1956,49.9,11.8546,1.4594,11.6755,1.7048,0.3541,-0.1087,0.2454,3.7177,3.9153,2.2197,-8.2031,10.4228,13.851,1.3552,1.1395,1.0238,1.2019,1.2921,47,60,1.1625,0.7854,0.5695,95.5264,0.2127,84.4067,0.0031,88.3333,0.0921,83.8177,0.0789,88.4129,0.0438,86.7674,NA,6.9344,-1.5624,0.2142,-0.1472,-1.8693,1.1137,0.6197,-0.3738,3.5695,-0.0813,-1.206,1.2949,0.3114,0.6244,0.4407,0.6267,0.8619,0.7644,0.4132,0.5956,0.1038,0.1776,0.2814,11,22,6,80.5083,92.424,100.1889,0.2535,0.1187,0.1348,3.773,4.205,4.3077,-0.5318,94,116,98,61,138,109,308,0.3052,0.3766,0.3182,0.1981,0.4481,0.3539,113.9853,127.6369,89.3044,92.8213,74.359,94.6359,103.7326,101.9717,103.4685,113.1617,126.7146,104.6099,94.3256,104.3841,76.4362,75.6161,106.4173,131.2213,116.7237,89.212,107.865,3.6886,48.3818,53.4336,49.0796,54.486,54.9637,53.9728,50.3647,53.9868,47.4671,54.7584,54.7802,52.5252,52.6804,57.4638,49.0168,28.223,38.6356,38.9219,53.0231,44.503,56.4685,52.3502,53.6275,49.8364,-0.1333,3.6863,93.1542,94.134,88.5665,104.1267,104.8096,103.7983,99.3468,96.5024,93.5947,96.4748,96.9016,99.3577,108.0894,96.3757,102.194,78.62,72.23,64.33,95.0042,108.3614,106.513,100.4097,97.6046,97.5949,0,0,0,0,1,0,NA,0,0,-0.1613,0,-0.1613,13,2,0.1538,-0.2995,1,0,0,NA,8,5,0.625,0.7507,0.3796,0.001,0.0438,0.1924,0.2153,0.0911,0.0768,0.1003,0.115,0.0911,95.8496,89.65,86.7233,94.6915,84.4246,83.7939,88.2715,86.6462,82.4881,83.7939,-3.9981,-1.8315,-5.0189,-5.4996,2.7255,4.0277,-8.7988,-0.2393,5.3099,4.0277,9.3494,6.7755,0.4009,4.3696,1.6018,-4.9144,4.0189,1.5515,1.6457,-4.9144,6.5632,0.0844,1.1805,0.9343,-1.3241,-0.1989,-0.8595,-3.4006,2.0765,-0.1989,0.8798,4.2186,1.3727,0.2472,-0.313,-0.1111,-0.5692,-1.7262,0.9188,-0.1111,36.611,18.1344,25.3137,25.5678,28.3347,36.7206,35.2512,32.3163,24.864,36.7206,2184.5442,1166.5,1326.5581,2102.1085,2441.461,2224.6089,1902.8609,2216.731,2637.354,2224.6089,0.2815,0.6004,0.4407,0.5487,0.8642,0.7633,0.4992,19.2692,71.746,0.2266,7.2823,0.3302,0.2493,0.1445,0.1091,16,706,33.2911,9.3358,0.8294,0.4688,27.5943,27.5545,0.6723,0.8797,0.2585,0.5162,0.7885,0.4081,0.2292,0.3131,0.2376,0.069,0.25,0.0957,0.5538,0.8194,0.2145,0.4744,0.7485,0.1936,0.2895,0.5861,0.5308,0.6117,0.8582,0.4692,0.0784,0.084,0.3807,0.0066,0.0336,0.199,0.2173,88.5521,84.1299,96.1664,90.8268,85.2617,94.8945,84.4819,-8.2375,4.2317,-3.6411,0.7744,-4.0026,-5.3292,3.4243,2.5392,-6.6305,8.3577,3.2929,-1.2143,3.1184,0.202,-0.9411,-1.788,7.5736,-0.4,1.0094,-0.0687,1.0303,-0.6111,-1.0836,1.0125,-3.0768,1.5294,-0.0176,0.2413,0.2863,0.5975,0.4414,0.5532,0.865,0.7636,0.4985,19.2692,308,88.4528,14.9175,19,0.0617,111.5,130,0.4221,9,13,117,P,P,PIT,27,27,104.3,NA,NA,NA,NA,NA,NA,NA,NA,NA,NA,NA,NA,NA,NA,NA,NA,NA,NA,NA,NA,NA,NA,NA,NA,NA,NA,NA,NA,NA,NA,NA,NA,NA,NA,5e-4,70.1486,0,0,-0.0358,-3.577,-0.1613,NA,NA,NA,NA,NA,NA,NA,NA,NA,NA,NA,NA,NA,NA,NA,NA,NA,NA
LAD,10,3,3.6466,56,13,7,0,0,4,2,116,478,90,48,47,11,43,1,5,3,0,107,127,141,52,16,1922,700,1222,83,5,3,2,8.3017,3.3362,2.4884,6.9828,0.8534,0.2093,1.1466,0.2532,0.7341,3.7765,0.9007,0.1625,0.3969,0.4406,0.1135,0.078,0.0394,0.6667,0.3368,0.43,9.155,71,3.5334,42.9,12.6884,1.4295,11.4362,1.7482,-0.4531,0.7718,0.3186,3.5049,4.0922,0.999,-7.6529,8.6519,9.7119,1.0066,0.9991,0.8863,1.0588,1.114,43,56,1.0946,-0.0948,0.462,94.8162,0.2656,87.1373,0.049,91.8404,0.1188,79.5482,0.0307,84.9661,0.074,88.9859,0.0026,-5.6075,14.7248,-0.3326,-1.1263,-1.396,2.6663,-0.6322,2.8872,-0.3538,-0.494,-2.3662,1.8777,0.3124,0.6734,0.4609,0.6091,0.8553,0.7571,0.4115,0.6046,0.1119,0.1753,0.2872,8,16,5,97.7225,93.7528,104.889,0.2238,0.09,0.1339,3.7999,4.216,6.4397,-0.1299,144,103,76,67,147,109,323,0.4458,0.3189,0.2353,0.2074,0.4551,0.3375,97.6315,93.8254,96.2766,89.6376,91.6667,91.4517,90.9501,90.8248,100.5456,99.9174,96.0222,88.1649,90.1989,117.2854,79.5081,110.458,90.1031,97.0376,122.251,90.6171,102.8558,3.6142,48.961,56.3921,46.4975,52.235,57.5118,51.7468,51.0526,55.4045,48.8225,49.9398,55.6553,48.6535,55.0412,50.5803,55.2917,55.443600000000004,58.129,57.0532,48.1675,56.4182,48.483,52.0263,53.519,52.0687,-0.1082,3.7239,95.6069,94.4772,84.9621,104.9466,103.2823,102.6817,102.1318,96.697,100.1347,103.2697,94.6921,103.6792,105.507,109.7238,114.2631,94.2935,98.3971,105.091,102.5721,89.1663,88.0678,102.1226,100.2437,102.7308,2,0,0,0,0,0,NA,2,0,-0.0494,0,-0.0494,10,6,0.6,-0.9136,1,0,0,NA,17,11,0.6471,1.8319,0.3797,0.051,0.075,0.074,0.2625,0.1188,0.0302,0.2062,0.0562,0.1188,95.5195,91.6398,88.9951,95.8901,87.0405,79.4789,84.8586,87.4604,85.5009,79.4789,-2.1087,0.9803,-6.618,-6.972,1.4264,4.1496,-5.8927,-0.0143,6.7087,4.1496,9.6398,4.7743,1.0094,6.9795,0.9582,-8.6499,0.9177,1.1734,0.1692,-8.6499,-9.036,0.3238,2.721,4.6996,14.9271,-0.8918,-1.3706,10.4125,4.5146,-0.8918,-1.2395,0.3304,1.8896,3.3096,2.9617,-0.3912,-2.3631,2.6294,4.1802,-0.3912,39.088,38.8683,41.9483,38.1789,36.5292,43.873,36.8653,36.5289,36.5303,43.873,2175.4005,2483.2857,1245.8611,2071,2223.131,2318.364,1345.6034,2107.9394,2645.5,2318.364,0.286,0.6429,0.4609,0.5571,0.8479,0.7559,0.4901,19.0216,71.3768,0.2065,7.3652,0.3058,0.2345,0.1038,0.0796,15,678,31.4719,10.4595,-0.13,0.5693,28.8299,27.2121,0.6859,0.8855,0.2449,0.5239,0.7734,0.4146,0.2751,0.5043,0.2364,0.0652,0.0833,0.1041,0.5829,0.8491,0.2251,0.4537,0.6579,0.1895,0.2995,0.5592,0.5286,0.642,0.8589,0.4714,0.0302,0.1182,0.3922,0.0505,0.0734,0.0719,0.2635,85.3225,79.767,94.8789,91.8314,89.1582,96.1592,87.3465,-5.5719,4.7055,-1.8144,1.6566,-6.1184,-6.5479,1.8035,-0.1983,-10.2117,8.6626,3.805,-0.394,5.7324,-0.2053,-1.3706,-0.9828,-9.746,0.0206,2.6778,4.4349,15.235,-2.3631,-0.433,-1.2943,0.0212,1.8991,3.2137,3.0109,0.2927,0.6341,0.4604,0.5629,0.8478,0.7557,0.4911,19.0216,323,87.5693,16.0564,21,0.065,111.2,109,0.3375,8.9231,13,116,P,P,LAD,22,22,103.3,NA,NA,NA,NA,NA,NA,-0.0494,NA,NA,NA,NA,NA,NA,NA,NA,0.0089,53.9412,-2.7073,8.1329,-1.0957,-6.4456,38.8737,1446.2353,NA,NA,NA,NA,NA,NA,NA,NA,NA,NA,NA,NA,NA,NA,NA,NA,NA,NA,NA,NA,NA,NA,NA,NA,NA,NA,NA,NA,NA,NA,NA,NA,NA,NA,NA,NA
DET,5,9,3.9886,54,14,6,0,0,2,1,117.1,511,104,57,52,9,56,0,6,3,0,110,146,115,74,18,1965,736,1229,56,15,4,1,8.4375,4.2955,1.9643,7.9773,0.6903,0.2316,1.3636,0.2879,0.7106,3.8545,1.2696,0.2209,0.4358,0.3433,0.1565,0.0783,0.1027,0.25,0.3425,-0.01,12.9089,71.6,-1.4846,42,11.4244,1.3337,10.6694,1.1162,-0.3204,0.1029,-0.2175,4.2565,4.106,-0.6909,-8.3117,7.6207,0.9364,0.1343,0.8837,0.7242,0.8901,0.9016,40,54,0.2462,-1.0281,0.4916,94.1442,0.1625,85.5235,0.0525,88.3107,0.0983,78.8187,0.1544,87,0.0408,87.8125,0.001,0.2384,1.9508,-2.1331,-3.4618,2.2613,1.3357,0.0247,0.6116,-2.0709,-1.7937,0.7463,1.6697,0.32,0.6586,0.4559,0.6277,0.8863,0.7777,0.4014,0.6067,0.1013,0.1644,0.2656,6,7,6,96.7333,97.2617,103.4605,0.2153,0.1096,0.1057,4.067,4.5546,4.2955,0.1341,150,98,91,55,174,110,339,0.4425,0.2891,0.2684,0.1622,0.5133,0.3245,91.8623,106.9866,85.8633,100.0993,72.8013,99.4525,102.4066,98.7515,99.4749,90.6568,105.5827,114.1527,105.1767,87.5454,79.9676,106.0963,83.1393,114.1143,98.1563,100.726,99.7994,4.493,51.7542,55.3198,49.8448,52.0721,53.6024,47.216,52.5444,49.1237,53.3315,49.7314,51.3798,54.0896,54.5067,44.7403,57.8174,48.973,47.4402,48.1777,42.6167,53.0788,46.429,50.6486,49.1321,53.0884,-0.0015,3.8839,100.2199,102.2506,103.7791,110.2848,97.136,102.5167,102.4548,97.6464,100.055,103.7014,91.9265,97.5342,97.0425,112.6125,109.8709,105.148,95.7462,100.7374,97.5893,78.8343,72.2883,101.9372,98.5331,100.3437,2,0,0,0,0,0,NA,2,0,-0.0715,0,-0.0715,13,5,0.3846,-1.1698,1,1,1,0.078,11,10,0.9091,1.2501,0.3212,0.0512,0.0409,0.1693,0.1581,0.0721,0.154,0.1386,0.0194,0.0665,94.271,88.339,87.72,93.7894,85.6356,79.1255,86.9256,86.1649,81.8605,78.8792,-2.8091,-0.1086,-8.9974,5.1653,0.5038,-2.4971,1.0276,1.3407,-5.4645,-3.2133,10.072,5.2008,3.2659,4.7405,1.3229,-7.8428,2.3712,1.4548,0.382,-8.1856,2.1757,-0.3672,1.3236,-0.9558,2.4779,-3.2476,2.4786,1.3992,1.0787,-2.5072,0.3464,-0.3672,1.6545,-0.2888,0.8019,-2.3032,0.8234,0.5163,2.8386,-1.9286,37.094,34.688,42.5291,35.9446,32.9843,43.5659,36.2524,33.5675,28.8251,43.7366,2112.4172,2233.77,1241.3375,2016.7734,2251.6117,2788.922,1664.9635,2221.9557,2463.1053,2811.8769,0.2944,0.6346,0.4573,0.58,0.8771,0.7774,0.4788,18.7467,71.8835,0.2517,7.4803,0.3321,0.2531,0.1562,0.119,12,731,32.2118,11.0468,-0.7807,0.5321,27.8324,28.0118,0.7122,0.887,0.2227,0.5461,0.7963,0.4297,0.2362,0.4673,0.2461,0.0856,0.1875,0.1016,0.6051,0.8779,0.2352,0.4749,0.6706,0.1945,0.2928,0.5719,0.5345,0.6462,0.8844,0.4655,0.1529,0.1079,0.3238,0.0389,0.0409,0.1673,0.1678,87.6275,79.6525,94.9141,89.883,88.387,94.4076,86.3776,0.9857,0.123,-2.2857,0.0974,-8.1286,4.6466,0.7818,0.826,-8.5861,8.8285,5.2483,1.7091,3.3076,-0.0236,2.8063,-2.594,1.2896,0.789,1.3236,-0.9793,-0.4546,0.9386,-1.2294,0.2037,1.0381,1.6545,-0.2995,-0.1386,0.2981,0.6281,0.457,0.5894,0.8731,0.7772,0.4816,18.7467,339,89.0919,13.3194,22,0.0649,113.7,137,0.4041,8.381,14,117.3333,P,P,DET,6,6,105.1,46.6947,39.0948,47.8228,102.3495,95.3569,92.4711,-0.0715,0.0332,78.6446,5.8921,-5.3469,-1.1504,-1.7699,14.0232,2106.5538,NA,NA,NA,NA,NA,NA,NA,NA,NA,NA,NA,NA,NA,NA,NA,NA,NA,NA,NA,5e-4,90.1098,0,0,0.214,21.3975,NA,0.0056,82.0364,5.9671,-3.7919,-0.7403,-6.7304,41.5491,2517.6364,NA,NA,NA,NA,NA,NA,NA,NA,NA,NA
BAL,6,7,4.172,56,13,3,0,0,6,2,114.1,502,106,55,53,10,55,1,9,5,0,114,134,123,64,13,1986,768,1218,48,10,3,2,8.9738,4.3294,2.0727,8.344,0.7872,0.242,1.4082,0.3057,0.7372,3.9693,1.0894,0.1994,0.4174,0.3832,0.1057,0.0813,0.0746,0.6667,0.3566,0.38,7.7316,62.5,2.6675,48.1,10.3992,1.2572,10.0573,1.4618,0.4992,-0.2945,0.2046,4.0741,4.2028,0.0796,-9.2895,9.3691,0.4313,0.0525,1.1349,0.9157,1.1956,1.294,43,56,-0.0538,0.1239,0.466,94.1578,0.1688,84.7582,0.1008,88.28,0.1219,81.2645,0.1113,86.5928,0.0312,87.8065,0.0025,-5.2869,-1.7261,0.0025,-1.2676,0.6084,0.1971,-0.5716,-0.5152,0.0013,-0.5238,0.2753,0.318,0.2905,0.6854,0.4499,0.5581,0.8597,0.7436,0.4035,0.5996,0.1153,0.1611,0.2764,12,15,8,102.9154,100.7614,105.8154,0.2271,0.1096,0.1175,3.9462,4.4123,3.7784,0.2027,136,109,79,62,149,113,324,0.4198,0.3364,0.2438,0.1914,0.4599,0.3488,97.7008,107.8333,79.4768,104.7013,83.0128,103.9108,105.7505,104.8759,102.8609,95.6379,105.5564,103.0325,100.7421,97.7193,83.0739,100.6474,96.7524,103.6527,115.7716,90.2471,107.2675,3.4648,49.0215,49.6125,47.1891,47.2429,47.589,45.9534,50.4789,53.6006,48.7963,43.7565,42.2439,47.2953,52.0754,50.6272,51.943,49.2742,55.8465,50.8596,51.3993,48.2997,51.531,47.6652,50.0426,48.1543,0.2296,4.2306,93.3883,93.6371,89.0474,103.7076,88.7863,86.3712,95.2095,100.5913,98.3292,97.3988,93.2237,92.4859,109.5682,95.9376,103.7222,93.9031,97.2648,99.8902,101.0477,99.2958,100.3431,99.3144,96.4646,96.7312,0,0,0,0,0,0,NA,0,0,0,0,0,18,10,0.5556,-2.3099,1,1,1,0.5837,8,5,0.625,1.1688,0.3117,0.0866,0.0262,0.1561,0.1858,0.0725,0.1163,0.1304,0.0554,0.0725,94.3859,88.0267,88.3981,93.5155,84.8366,78.4868,86.4494,86.6089,80.6636,78.4868,-0.5255,0.0507,-6.9118,-3.7641,2.4119,3.7097,-0.9327,3.7111,-0.647,3.7097,9.9752,4.0134,2.5102,5.1855,0.7705,-6.5709,3.4458,1.1074,-0.0226,-6.5709,-1.0694,1.4252,0.0338,-4.1453,-2.3739,-0.5907,0.721,-1.8488,-0.5251,-0.5907,-0.1728,0.8286,0.065,-1.3372,-0.6433,-0.4102,0.3121,-0.7138,-0.4774,-0.4102,37.6221,27.34,41.7506,35.946,42.2453,46.0563,35.2739,47.7799,29.2138,46.0563,2189.8514,1827.5814,1325.4038,2116.7484,2297.8645,2460.3194,1551.1255,2390.2239,2080.4,2460.3194,0.2775,0.6408,0.4496,0.5276,0.8474,0.7436,0.4738,19.9878,71.9256,0.2368,7.2746,0.3282,0.2368,0.1401,0.1011,18,722,31.9753,10.6942,-0.4932,0.5471,28.4245,26.6679,0.7059,0.8889,0.2501,0.5193,0.7231,0.4093,0.2092,0.3846,0.2371,0.0895,0.0588,0.1035,0.615,0.8087,0.2038,0.4244,0.6,0.2054,0.2691,0.5103,0.5463,0.667,0.8569,0.4537,0.1032,0.1224,0.2931,0.0851,0.0418,0.1556,0.1984,86.5842,81.5448,94.5623,90.3554,88.0505,93.6973,84.7611,-0.5332,3.2109,-0.5513,0.8777,-6.368,-3.7541,2.2402,2.6241,-7.7136,9.0132,4.1405,-0.2154,4.1163,-0.4581,-0.0076,-2.0043,-0.715,0.689,0.5234,-3.0932,-2.7321,-0.0037,-0.8248,-0.1228,0.4077,0.6306,-1.001,-0.6934,0.2777,0.6414,0.4494,0.5223,0.8469,0.741,0.472,19.9878,324,89.0922,14.2375,21,0.0648,112.3,126,0.3889,8.7949,13,114.3333,P,P,BAL,2,2,104.1,50.862,61.9705,54.2091,106.9827,97.6503,100.1101,NA,0.0448,86.0135,2.4902,-5.9912,-1.4187,-1.594,28.4764,1920.1124,NA,NA,NA,NA,NA,NA,NA,NA,NA,NA,NA,NA,NA,NA,NA,NA,NA,NA,NA,5e-4,75.9259,0,0,-0.0358,-3.577,NA,NA,NA,NA,NA,NA,NA,NA,NA,NA,NA,NA,NA,NA,NA,NA,NA,NA,NA
SFG,6,8,3.96,63,14,5,0,0,2,2,125,533,115,60,55,11,52,0,2,6,0,121,171,107,79,7,2092,789,1303,47,10,0,0,8.712,3.744,2.3269,8.28,0.792,0.2401,1.336,0.2997,0.7096,3.6512,1.5981,0.2213,0.479,0.2997,0.0654,0.1028,0.0585,0,0.3452,0.41,13.6444,76.6,-3.1963,45.6,10.4481,1.2154,9.7234,0.4879,-0.1909,-0.5366,-0.7275,4.0517,3.5976,-0.1903,-7.4177,7.2273,-0.4822,-0.0504,0.794,0.6951,0.6627,0.6046,49,63,0.1737,-0.4134,0.5,93.4054,0.2103,85.0432,0.044,89,0.0641,78.4179,0.1152,86.2739,0.0664,87.0576,NA,5.208,-1.6807,-3.4353,1.1639,-0.4918,0.0409,0.4979,-0.382,-3.734,0.8686,-0.2041,0.0295,0.3261,0.6667,0.4575,0.6158,0.8699,0.7586,0.3858,0.5947,0.1104,0.1644,0.2749,6,1,6,108.1848,96.7131,91.7493,0.227,0.0976,0.1295,3.6789,4.2692,3.384,0.3088,155,121,81,62,201,94,358,0.4342,0.3389,0.2269,0.1737,0.563,0.2633,102.4565,105.294,97.3052,106.2903,85.0667,104.9011,105.9781,107.5067,97.6295,101.3312,104.1375,120.0608,108.8617,79.7793,104.7723,107.5723,95.7684,93.572,102.3537,112.1045,80.2536,4.0431,57.5666,46.1794,58.1378,55.5352,49.2855,49.8522,51.7411,48.1532,51.9413,48.3741,48.5868,50.3381,52.5893,50.685,52.9433,47.8228,50.9481,50.0143,57.1669,51.865,59.9241,51.7876,48.7859,53.8392,-0.0897,3.7516,95.8819,112.9771,109.7603,114.5809,95.1204,99.4118,99.9978,108.5031,103.1286,100.0144,96.495,101.5735,101.2606,103.3277,106.213,84.677,109.7867,102.7783,99.9588,112.6619,112.4788,99.3009,103.6178,103.1917,0,0,0,0,0,0,NA,0,0,0,0,0,10,7,0.7,-1.0886,0,0,NA,NA,13,6,0.4615,1.2841,0.2433,0.044,0.0698,0.2519,0.2094,0.0435,0.1128,0.1654,0.044,0.0435,93.8733,88.938,86.8158,93.6486,85.0208,77.9011,86.2928,85.3205,83.8935,77.9011,-1.687,-0.1111,-7.7535,-7.9606,1.6389,8.9711,-3.9984,0.307,6.6478,8.9711,9.8712,4.4441,1.61,3.3916,1.8385,-5.3342,0.7405,1.8407,1.8305,-5.3342,1.599,-3.3016,-1.7632,3.9248,-1.6792,0.6162,1.7822,-1.1863,-0.493,0.6162,0.3141,-3.5887,-1.2077,0.7447,-0.3834,0.6771,0.7552,-0.3429,-0.5358,0.6771,42.9535,25.6978,36.3777,26.8079,37.1538,23.3889,27.216,40.6275,24.0897,23.3889,2246.6955,2015.8261,1518.5548,1895.4345,2353.6872,1801.6264,1582.0466,2344.6821,2387.5543,1801.6264,0.3175,0.6192,0.4584,0.5593,0.8744,0.7581,0.467,18.2809,71.7907,0.2316,7.4472,0.3232,0.2471,0.1269,0.097,23,773,32.8053,10.2149,0.0107,0.5006,26.7015,27.6856,0.7041,0.9085,0.2145,0.5279,0.7753,0.4403,0.28,0.4643,0.256,0.0747,0,0.0891,0.615,0.837,0.2248,0.4371,0.6848,0.21560000000000001,0.3052,0.5698,0.5607,0.654,0.8702,0.4393,0.1099,0.0645,0.2438,0.0736,0.0755,0.2529,0.1797,85.0515,78.5481,94.0847,87.439,86.7762,93.8097,85.2431,-3.6212,6.9692,-1.3136,-0.5784,-6.1063,-7.4115,2.7623,-0.9543,-7.4145,8.7005,1.9871,0.1072,2.203,0.4422,2.6496,1.3834,1.5896,-2.4961,-1.6457,3.8866,-2.4847,1.152,1.0248,0.3117,-1.6208,-1.0416,0.7347,-0.6608,0.3156,0.6166,0.4575,0.5616,0.8734,0.7597,0.4713,18.2809,358,88.0538,7.409,27,0.0754,114.4,129,0.3603,8.9286,14,125,2B,2B,SFG,30,30,104.4,31.1189,37.8078,32.7555,95.5571,64.442,52.1864,NA,0.021,79.3727,0.9171,-6.0821,0.7673,1.7438,45.9764,2358.0227,0.0043,48.0778,5.6858,0.6002,0.7214,8.0157,51.6977,1369.2222,NA,NA,NA,NA,NA,NA,NA,NA,NA,NA,NA,NA,NA,NA,NA,NA,NA,NA,NA,NA,NA,NA,NA,NA,NA,NA,NA,NA,NA,NA,NA,NA,NA,NA,NA,NA
COL,6,8,3.734,56,14,3,0,0,5,2,125.1,535,119,55,52,16,40,4,7,2,0,106,176,135,68,13,2020,717,1303,58,12,3,0,7.6117,2.8723,2.65,8.5452,1.1489,0.2439,1.2686,0.2814,0.773,4.2402,1.3037,0.1794,0.4644,0.3562,0.0963,0.1185,0.0682,0,0.3028,0.06,1.332,57.8,7.6222,64.5,8.9542,1.0195,8.1557,2.2447,1.2294,-0.0042,1.2253,4.8042,3.9528,1.5229,-9.6513,11.1743,17.4049,1.5643,1.164,1.0711,1.4313,1.6192,42,56,1.6205,-0.3121,0.4289,94.9457,0.2353,85.0379,0.105,89.2925,0.0877,81.9096,0.1124,86.4758,0.0307,87.6452,0.0084,-5.2685,0.9463,-2.416,0.2622,-1.2213,1.1547,-0.6084,0.1992,-1.1396,0.1482,-0.538,1.8625,0.3396,0.7012,0.4901,0.6025,0.8795,0.7674,0.4163,0.6131,0.1139,0.1515,0.2653,4,19,9,87.5262,103.4157,101.1869,0.1981,0.0748,0.1234,3.7448,4.3423,4.1649,-0.5062,150,136,96,51,194,137,382,0.3927,0.356,0.2513,0.1335,0.5079,0.3586,89.5166,80.7799,100.3611,109.6949,123.4043,106.5479,100.6329,100.9457,104.8114,88.4377,79.8063,97.3446,105.5409,94.8133,120.788,97.2893,100.5959,103.6423,78.6841,101.1192,109.3105,4.1939,44.5018,42.7705,47.6649,43.0521,43.4876,45.1389,50.7984,48.7818,52.0466,45.7294,48.7686,46.7152,51.4416,46.8693,50.7527,54.5182,46.7742,55.8478,49.1462,36.6714,56.9853,47.9293,45.9031,50.8503,0.2091,4.1999,88.029,97.0503,83.6948,95.6921,90.3341,82.5891,94.5179,110.1829,101.9709,90.4502,100.3312,96.0253,103.0726,99.6374,101.0232,89.0361,112.7999,109.8513,79.0855,106.7248,82.6352,94.1742,102.6119,96.8864,1,0,0,0,0,0,NA,1,0,-0.1692,0,-0.1692,17,8,0.4706,-0.9127,1,0,0,NA,24,18,0.75,3.3808,0.2769,0.1169,0.0307,0.1471,0.2159,0.0649,0.1164,0.1308,0.0852,0.0629,95.2977,89.6085,87.6048,94.1508,84.9195,80.4496,86.7919,86.4288,82.6029,80.4646,-3.1545,0.2225,-7.7017,-5.6765,2.8353,1.2898,-3.5715,2.8324,2.8397,1.4761,8.2578,4.4516,3.6026,4.2195,-0.0525,-3.2143,2.9792,0.1552,-0.3713,-3.3866,-2.2544,-1.2387,1.2763,-0.6462,-0.1239,1.0461,-2.1747,0.0475,-0.1715,0.8568,-0.4033,-0.5249,2.0586,-0.2176,-0.0284,0.7986,-0.9254,0.018,-0.0997,0.6746,28.4556,30.6875,25.0623,25.3245,28.3687,32.5899,30.6671,28.3382,28.4155,32.4168,2125.5975,2108.1737,1054.6613,2195.0404,2474.3211,2400.8244,1791.0213,2551.3826,2356.0407,2406.8504,0.3038,0.6702,0.4898,0.553,0.8617,0.7674,0.5077,19.6486,72.214,0.2855,7.3253,0.3172,0.239,0.1336,0.1006,14,795,31.4304,9.8915,-1.0592,0.4717,26.1428,28.562,0.7417,0.8914,0.2565,0.5511,0.7666,0.4202,0.2829,0.4914,0.2173,0.085,0,0.106,0.6095,0.8438,0.2226,0.4853,0.6575,0.1977,0.3153,0.5556,0.523,0.6812,0.875,0.477,0.11,0.0986,0.2793,0.1253,0.0337,0.1506,0.2026,86.4303,81.1783,95.1895,89.4468,87.3345,94.2412,84.8555,-3.219,2.7112,-2.641,0.5562,-7.1611,-5.8375,2.4993,1.7547,-4.5421,7.333,3.0152,1.8503,3.2416,-1.0048,-1.4463,-1.3979,-4.0562,0.46,1.6094,-0.689,0.726,-0.6515,-0.7025,-0.7192,0.1818,2.3668,-0.2266,0.1775,0.3044,0.6699,0.4903,0.5497,0.8605,0.7657,0.5087,19.6486,382,88.9683,12.1425,29,0.0759,114.4,162,0.4241,8.9524,14,125.3333,P,P,COL,19,19,105.6,45.1153,48.0306,44.5993,93.6352,78.2238,75.413,-0.1692,0.0312,83.346,-0.0847,-3.1974,-0.3554,-0.5641,31.3425,2367.9841,NA,NA,NA,NA,NA,NA,NA,NA,NA,NA,NA,NA,NA,NA,NA,NA,NA,NA,NA,NA,NA,NA,NA,NA,NA,NA,0.002,79.975,-4.6271,2.2588,0.1894,4.7338,38.0858,2209.5,NA,NA,NA,NA,NA,NA,NA,NA,NA,NA
ARI,8,6,3.9088,65,14,3,0,0,5,4,124.1,522,109,63,54,14,41,1,5,2,2,103,168,140,65,16,2037,755,1282,57,14,0,0,7.4558,2.9678,2.5122,7.8901,1.0134,0.229,1.2064,0.2646,0.6795,4.064,1.2,0.1743,0.4504,0.3753,0.1143,0.1,0.0833,0,0.3027,0.07,6.0146,73.4,2.4336,47.2,8.4482,0.9583,7.6662,1.1372,-0.2885,0.4674,0.1789,3.9984,4.0347,1.247,-8.7521,9.9991,0.33,0.0662,1.0526,1.0653,1.3366,1.4626,51,65,0.8482,0.3365,0.4683,93.0199,0.2167,85.1633,0.0717,90.0411,0.0737,80.84,0.1592,87.534,0.0103,89.9524,0.0029,-4.6882,5.6394,-0.578,-4.4286,3.4623,1.1754,-0.4919,1.2788,-0.3959,-2.9524,1.0686,5.5974,0.3369,0.6638,0.4688,0.6626,0.8642,0.7778,0.4034,0.5651,0.1041,0.1595,0.2636,16,22,11,103.1925,107.8109,103.3613,0.1973,0.0785,0.1188,3.8834,4.3974,4.126,-0.1552,158,126,89,56,167,150,373,0.4236,0.3378,0.2386,0.1501,0.4477,0.4021,87.6827,83.4654,82.6143,101.2849,108.8472,100.0546,95.7003,94.9207,93.4792,88.0749,83.8387,94.5468,102.3641,99.9065,101.9149,104.9507,95.448,98.4034,88.4829,89.1462,122.5709,4.665,54.0032,53.5837,51.5543,50.7405,45.3742,52.1419,52.3334,50.6088,53.2072,49.4383,50.5313,46.7292,48.8575,44.442,52.8303,46.5989,45.1604,45.2377,43.7077,32.4731,53.6507,49.2787,46.7616,51.0326,0.1046,4.0431,88.7497,108.056,102.9173,96.4159,105.2773,97.1165,97.2901,105.3517,101.8349,102.8036,95.6095,103.8482,97.9271,97.9614,96.6328,89.5842,103.5302,99.9773,76.1272,94.1255,69.2864,95.4488,102.6107,99.5554,2,0,0,0,0,0,NA,2,0,-0.0546,0,-0.0546,17,9,0.5294,-2.0638,0,0,NA,NA,15,11,0.7333,1.1708,0.3391,0.0683,0.0157,0.1184,0.1627,0.1091,0.1543,0.1356,0.027,0.0629,94.2261,90.0475,89.9656,93.8718,86.0628,81.5743,87.3876,86.6424,83.1545,81.9609,-2.8946,-0.0991,-7.8965,-8.6969,2.8987,3.7702,-3.5609,2.3188,5.8086,2.9502,9.817,5.2525,4.4136,3.9844,1.9645,-4.083,2.7814,1.8015,2.7822,-3.9359,1.2173,-0.8432,0.4122,-0.8438,5.1313,2.0882,4.6454,4.4411,0.6902,0.656,0.1764,-0.6066,1.2881,-0.3501,1.5502,0.9406,1.4794,1.6091,1.2549,0.5125,36.7886,30.291,34.7144,27.2684,37.3822,31.3001,32.6379,40.7343,20.5608,38.0779,2114.2899,2225.2662,1499.9375,2059.7552,2330.0785,2297.4189,1592.9554,2303.4058,2463.9273,2477.7734,0.3148,0.6375,0.4688,0.6358,0.8546,0.7778,0.4771,19.3596,72.2077,0.2792,7.4301,0.3559,0.2805,0.1481,0.1168,20,788,34.3167,10.1755,-0.1103,0.5698,28.9475,27.6633,0.7384,0.8619,0.2384,0.5443,0.8206,0.4059,0.253,0.5079,0.2632,0.0629,0.1818,0.0925,0.5582,0.8553,0.2225,0.5274,0.776,0.1834,0.3139,0.6337,0.5386,0.6496,0.859,0.4614,0.1681,0.1204,0.3509,0.0639,0.0025,0.1174,0.1769,87.9609,81.1356,93.0559,90.2789,86.7891,94.1463,86.6662,-3.4618,4.189,-2.1707,0.3457,-4.6856,-7.9684,3.7385,1.516,-6.3403,8.6412,4.2131,2.8096,2.8875,0.7451,4.7457,-2.3496,-2.5557,-0.7181,0.3598,-1.2957,4.9176,1.3876,-0.959,-0.3579,-0.5524,7.1959,-0.5421,1.366,0.3116,0.6384,0.4688,0.6353,0.8528,0.7778,0.4811,19.3596,373,89.3625,11.8499,39,0.1046,112.4,149,0.3995,8.881,14,124.3333,P,P,ARI,15,15,104.9,54.1731,47.8533,57.2242,101.6239,117.183,112.5683,-0.0546,0.0226,82.1761,0.5427,-5.9082,-4.4152,-9.5983,45.3055,2426.6957,0.0098,39.31,-1.0646,8.634,-4.3718,-21.859,57.207,897.5,NA,NA,NA,NA,NA,NA,NA,NA,NA,NA,NA,NA,NA,NA,NA,NA,NA,NA,0.0462,81.0479,4.8868,-4.2835,1.4321,1.5235,22.0706,2051.8298,NA,NA,NA,NA,NA,NA,NA,NA,NA,NA
CIN,8,6,3.8268,66,14,4,0,0,6,2,127,543,110,58,54,15,60,1,5,6,0,119,146,140,71,14,2133,819,1314,41,9,2,1,8.4331,4.252,1.9833,7.7953,1.063,0.2301,1.3386,0.2762,0.7597,4.344,1.0429,0.1989,0.409,0.3922,0.1,0.1071,0.0616,0.5,0.3573,-0.58,6.9543,71.5,0.6093,52.7,7.5636,0.8513,6.8106,1.5906,0.6188,0.1204,0.7393,4.7265,4.2129,2.901,-8.7754,11.6764,10.9048,1.1278,1.1068,1.0408,1.2624,1.3665,52,66,0.6381,1.9829,0.4836,94.1707,0.2777,86.0287,0.0586,93.696,0.0722,82.3636,0.091,86.3866,0.0122,82.2308,9e-4,-1.9762,4.6526,0.4455,-1.4614,-2.9305,-1.4451,-0.1917,0.7859,0.3564,-0.9489,-1.5106,-5.5582,0.3129,0.6464,0.447,0.6165,0.8303,0.7408,0.402,0.5709,0.1158,0.1692,0.285,13,24,6,97.2496,106.2494,108.0963,0.2192,0.1105,0.1087,4.0672,4.5188,2.9055,-0.5172,148,134,77,60,170,129,359,0.4123,0.3733,0.2145,0.1671,0.4735,0.3593,99.1762,119.5798,82.2403,100.0679,114.1732,100.5501,106.1829,99.0597,104.5227,97.8211,117.9458,107.9027,92.9463,104.3841,109.1945,102.142,105.4667,88.4556,98.5002,94.2865,109.5217,4.4979,48.4631,40.0103,49.6881,52.0476,51.2588,50.4875,48.6297,52.2978,47.2035,52.4731,40.4561,55.326,54.4215,53.2942,53.3956,48.6131,50.1031,46.8855,44.249,51.297,40.6441,50.6835,48.9171,50.597,-0.0042,3.8799,82.9686,99.17,84.9442,101.3917,94.3461,94.0761,96.9579,93.3036,90.7429,96.7768,106.4916,104.9369,110.649,101.1519,110.3193,90.8052,98.1363,94.0356,108.7067,85.2311,85.6763,99.1642,97.8545,97.3895,1,0,0,0,0,0,NA,1,0,-0.2727,0,-0.2727,13,6,0.4615,-1.3152,0,0,NA,NA,8,5,0.625,0.6998,0.356,0.0689,0.0127,0.1295,0.2505,0.0886,0.0938,0.1614,0.0891,0.0727,95.0233,92.4837,82.3037,91.5413,86.067,82.7111,84.7875,87.4541,83.5558,82.4148,-2.0561,-0.2323,-6.4558,-5.5853,1.786,-0.0401,0.5863,1.7719,1.8116,-1.4684,9.9383,6.053,2.8562,4.7215,0.8681,-3.1739,3.9029,0.6831,1.2029,-3.2429,-0.4729,1.1176,-1.5052,0.5205,4.3516,-0.8731,-1.5881,3.3099,1.0417,-1.4031,-0.0623,0.7603,-5.5747,0.1886,0.8149,-0.4619,-0.7941,0.9622,0.5482,-0.9052,35.423,45.2479,41.7168,21.7114,29.9087,41.2666,30.9317,31.2521,27.4765,45.652,2176.3373,2476.4082,991.3704,2194.6957,2291.6049,2637.7566,1790.775,2258.5727,2351.4105,2712.0129,0.2878,0.6229,0.447,0.5528,0.8384,0.7419,0.4751,18.465,72.2079,0.2619,7.2558,0.342,0.2542,0.1485,0.1104,24,779,31.0565,10.1879,0.2907,0.4891,27.8572,28.0567,0.6687,0.8731,0.2524,0.514,0.7411,0.4176,0.238,0.5046,0.2336,0.1323,0.04,0.0964,0.6106,0.7992,0.2121,0.4144,0.6527,0.2055,0.282,0.5525,0.5389,0.6399,0.8394,0.4611,0.0901,0.0563,0.3602,0.0704,0.0122,0.129,0.2819,86.3724,82.8348,94.6062,92.441,82.2487,91.6757,85.8334,1.0639,0.4163,-1.9317,-0.1046,-6.3111,-5.1496,1.8822,2.0112,-5.4835,8.6051,4.6459,1.047,3.3969,-1.0965,-2.1616,0.5659,0.3357,1.125,-1.4694,0.5597,2.5952,-1.1259,0.4716,0.0437,0.75,-5.6515,0.2035,0.4318,0.2826,0.6259,0.447,0.5605,0.831,0.7419,0.4789,18.465,359,89.8866,15.6822,32,0.0891,113,152,0.4234,9.0714,14,127,C/1B,C/1B,CIN,18,18,105.9,NA,NA,NA,NA,NA,NA,-0.2727,NA,NA,NA,NA,NA,NA,NA,NA,NA,NA,NA,NA,NA,NA,NA,NA,NA,NA,NA,NA,NA,NA,NA,NA,NA,NA,NA,NA,NA,NA,NA,NA,NA,NA,0.0159,84.0618,6.4713,-2.8596,0.53,1.5588,21.2743,2299.2353,0.0047,53.7,0.7762,7.7621,NA,NA,NA,NA,NA,NA
CHW,5,9,4.8347,64,14,2,0,0,4,4,121,539,118,72,65,13,61,1,7,3,2,110,143,144,68,19,2165,813,1352,43,12,5,2,8.1818,4.5372,1.8033,8.7769,0.9669,0.2505,1.4793,0.3017,0.6794,4.4116,0.9931,0.1915,0.4028,0.4056,0.1319,0.0903,0.0839,0.4,0.3414,-0.22,8.326,53.2,-1.7462,64.3,6.5798,0.8311,6.6487,0.1424,-0.4752,-0.2135,-0.6887,4.4521,4.531,-0.8053,-9.4314,8.6261,-10.172,-1.0516,0.9263,0.8792,1.0273,1.0736,50,64,-0.7611,-0.1083,0.4824,94.8532,0.2588,85.7335,0.063,89.625,0.0894,81.4041,0.0861,87.9194,0.0204,88.3182,0.0042,-4.3765,-10.5005,-1.7387,1.7285,-0.8679,-1.6876,-0.42,-1.8784,-1.2784,0.8956,-0.4666,-3.8353,0.3171,0.645,0.4524,0.6824,0.8872,0.8029,0.4127,0.6122,0.0891,0.1709,0.26,8,7,9,117.2449,107.841,113.7998,0.2041,0.1132,0.0909,4.2496,4.7318,3.1983,0.4231,150,130,80,62,187,111,361,0.4167,0.3611,0.2222,0.1722,0.5194,0.3083,89.0786,113.0075,71.6594,110.1325,101.9709,107.5697,111.0957,103.5009,95.4601,85.9474,109.0352,98.9873,97.2118,103.4461,92.2466,99.9074,103.8535,94.4682,104.1944,101.9369,94.8321,4.6711,55.4308,57.1769,52.5584,59.2625,54.9945,58.8216,50.6,52.1272,48.8354,49.3015,52.7276,48.5729,46.9088,49.1124,46.8651,46.9088,45.2384,53.2159,43.1647,46.6422,51.2662,50.3338,51.1423,50.6101,0.0229,3.9205,89.8997,104.6108,95.9019,100.1764,112.8277,109.3412,104.42,94.1396,94.7599,100.1307,94.7379,98.6073,102.521,97.0631,100.4961,82.015,108.2066,98.4833,110.365,86.0775,79.395,99.6574,99.2673,98.728,1,0,0,0,0,0,NA,1,0,-0.0358,0,-0.0358,7,1,0.1429,-0.2727,1,0,0,NA,20,9,0.45,1.43,0.2847,0.0615,0.0074,0.1978,0.2389,0.0832,0.0989,0.134,0.1049,0.0619,94.9789,89.6316,87.2625,94.5967,86.0151,82.0828,87.9631,88.2986,83.0978,82.1246,-1.1538,0.3234,-5.5648,-1.9972,0.9058,-1.2557,-3.8523,1.5158,0.1265,1.6954,9.8159,4.6575,3.9193,4.9143,1.9649,-5.165,1.2635,2.9036,0.7657,-5.9957,-1.9928,-2.5732,-1.6774,0.1934,-6.2893,0.5916,-0.8679,-7.1834,0.894,2.1205,-0.3235,-1.9347,-10.484,0.0452,-1.2165,0.3286,-0.4056,-2.477,0.3938,1.5825,34.9871,30.2431,34.5305,28.987,30.421,34.2582,28.6464,34.4673,25.2518,38.2704,2280.9903,1979.2556,1057.1875,2128.3505,2333.3888,2423.7222,1583.785,2291.5414,2386.8502,2304.6866,0.2933,0.6256,0.4529,0.6455,0.88,0.801,0.4801,19.1596,71.7696,0.2661,7.1883,0.319,0.2574,0.138,0.1114,28,808,31.409,8.7347,-0.387,0.5483,28.243,28.1148,0.6713,0.8791,0.2442,0.5268,0.833,0.4067,0.2379,0.5691,0.25,0.0976,0.2,0.0991,0.5757,0.8704,0.2268,0.4651,0.7746,0.1799,0.2884,0.6514,0.524,0.634,0.876,0.476,0.1007,0.0873,0.2879,0.0952,0.0037,0.1969,0.2283,87.9779,81.5655,95.1181,89.9996,87.1351,94.66,85.0184,-3.2446,2.4489,-0.718,0.1757,-5.0536,-1.697,0.7064,-0.3973,-8.488,8.5441,2.9928,0.7479,3.4134,-0.4131,-0.5405,1.9285,-2.0967,-4.7043,-1.9566,-0.032,-5.0295,-0.2479,1.0204,-0.3366,-2.2836,-24.4571,-0.0075,-1.0181,0.2957,0.6202,0.4529,0.6515,0.8754,0.8,0.4843,19.1596,361,89.8796,15.4689,24,0.0665,113.7,154,0.4266,8.6429,14,121,P,P,CHW,4,4,105,54.1945,49.8911,59.8396,93.4323,121.1007,103.8643,-0.0358,0.0277,79.665,1.7001,-7.5229,-0.1606,-0.2677,43.5821,2399.7,NA,NA,NA,NA,NA,NA,NA,NA,NA,NA,NA,NA,NA,NA,NA,NA,NA,NA,NA,NA,NA,NA,NA,NA,NA,NA,0.0213,81.9609,-9.8523,-2.745,-1.5289,-3.3238,22.5706,2770.4783,NA,NA,NA,NA,NA,NA,NA,NA,NA,NA
TBR,6,7,4.8805,52,13,4,0,0,4,2,114.1,486,98,72,62,16,40,3,3,7,1,103,127,146,60,16,1915,710,1205,60,15,7,6,8.1079,3.1487,2.575,7.7143,1.2595,0.2212,1.207,0.2531,0.5818,4.2929,0.8699,0.1802,0.3814,0.4384,0.1096,0.1096,0.1181,0.8571,0.3272,0.35,12.3973,64.6,-5.6108,46,6.7865,0.8266,6.6131,-0.9242,-2.7795,1.0287,-1.7508,4.2576,4.1004,-0.6946,-9.0568,8.3623,-14.1042,-1.4712,1.0502,0.9518,1.2276,1.3432,39,52,0.2542,-0.9156,0.431,94.1418,0.2179,86.3094,0.0883,89.2604,0.0491,79.5851,0.1761,83.7389,0.0376,89.2222,0.0057,-2.1437,0.1628,-0.8272,1.9105,-1.175,-1.4458,-0.2598,0.039,-0.4894,2.0324,-0.3487,-2.0081,0.3142,0.655,0.4566,0.5971,0.8664,0.7586,0.418,0.6235,0.1102,0.1713,0.2815,9,16,7,117.6235,106.1806,103.326,0.2119,0.0823,0.1296,3.8456,4.2671,4.723,0.5875,145,120,75,59,159,122,340,0.4265,0.3529,0.2206,0.1735,0.4676,0.3588,88.2735,78.4242,97.2597,96.7993,132.8205,94.9841,90.6433,86.8166,80.7995,89.2544,79.2957,93.1121,92.0388,111.8121,111.979,102.2581,101.5038,93.7736,104.9853,91.772,110.361,4.5805,54.3371,54.1092,51.5021,47.1684,48.9135,47.0778,50.6333,51.7282,51.9887,50.3615,47.8796,51.6753,48.9861,54.5385,47.354,57.9544,49.5936,52.3991,50.6586,63.6864,49.1197,51.9143,52.9151,51.1411,-0.0995,3.7369,107.7479,97.6334,101.2914,101.3844,97.5233,96.709,100.4669,96.6424,96.5235,100.8005,99.6812,102.63720000000001,106.4121,92.3444,98.2774,92.8465,112.1365,109.4899,104.8849,83.5382,87.0538,102.5707,97.9362,100.2351,1,0,0,0,1,0,NA,1,0,-0.2023,0,-0.2023,13,4,0.3077,-0.9409,0,0,NA,NA,16,8,0.5,1.2954,0.2179,0.1008,0.0235,0.2095,0.2069,0.0475,0.1938,0.1317,0.0752,0.0475,94.5772,88.7964,92.0289,93.6252,86.2318,79.4505,83.959,87.6365,83.7736,79.4505,-2.9023,0.9054,-9.9837,-2.4906,2.008,-1.4225,-1.0967,0.4554,4.725,-1.4225,10.1411,4.1463,0.9061,5.8027,1.5552,-6.495,1.8563,1.4513,1.7372,-6.495,-7.6242,1.2097,-0.3775,5.8838,0.4289,2.0199,0.3252,0.0938,0.3352,2.0199,-1.8283,0.6268,-0.8388,1.4673,0.1083,2.2197,0.0877,0.0372,0.2327,2.2197,39.5744,44.0069,26.7998,30.2937,30.8325,40.268,35.9049,32.5812,27.7723,40.268,2278.2782,2434.3938,1966.9333,2081.0973,2342.1793,2242.5165,1612.0377,2279.9206,2451.1319,2242.5165,0.2788,0.6375,0.4566,0.5539,0.8496,0.7586,0.4958,18.1056,71.8143,0.2518,7.4111,0.3449,0.2658,0.1642,0.1266,17,711,32.1757,10.9121,-1.3893,0.571,28.6987,27.6654,0.6949,0.8718,0.2542,0.5247,0.7702,0.4134,0.2302,0.5222,0.2214,0.0765,0.1333,0.111,0.5806,0.815,0.2214,0.4602,0.7051,0.192,0.291,0.5904,0.5261,0.6406,0.8434,0.4739,0.1944,0.0449,0.2173,0.0522,0.0016,0.2309,0.2581,84.5485,80.0039,94.9936,89.0913,86.1415,94.1457,87.0394,-0.9498,-1.348,-2.4654,1.2271,-6.6382,-3.0435,2.1643,0.1542,-8.3915,8.8413,4.3434,-0.6242,4.055,0.3593,0.3116,2.1365,-7.6935,-0.8217,-0.6367,6.4092,2.2242,0.0838,2.4842,-1.8494,-0.8217,-21.2232,1.45,0.4503,0.277,0.6396,0.4569,0.5581,0.8435,0.7563,0.4961,18.1056,340,88.765,16.435,30,0.0882,114.9,140,0.4118,8.7949,13,114.3333,P,P,TBR,12,12,105.4,NA,NA,NA,NA,NA,NA,-0.041,NA,NA,NA,NA,NA,NA,NA,NA,NA,NA,NA,NA,NA,NA,NA,NA,NA,NA,NA,NA,NA,NA,NA,NA,NA,NA,NA,5e-4,80.9082,0,0,-0.0636,-6.3584,-0.1613,NA,NA,NA,NA,NA,NA,NA,NA,NA,NA,NA,NA,NA,NA,NA,NA,NA,NA
CLE,8,6,3.6585,60,14,3,0,0,5,1,123,512,97,54,50,19,53,2,5,9,0,146,123,128,54,17,2140,805,1335,51,5,3,2,10.6829,3.878,2.7547,7.0976,1.3902,0.2137,1.2195,0.2699,0.7866,4.1959,0.9609,0.177,0.4033,0.4197,0.1328,0.1484,0.0407,0.6667,0.4258,-0.01,7.3458,70.8,-0.3783,48,6.9675,0.821,6.5683,1.9852,0.6489,0.5152,1.1641,4.029,3.5135,1.3039,-8.983,10.2869,4.8373,0.4637,1.053,0.9993,1.119,1.1921,46,60,0.1561,1.0821,0.4822,93.9234,0.1754,84.9253,0.0828,88.5424,0.1511,79.3282,0.0884,82.3968,0.0201,86.3721,0.0042,4.5124,1.1488,-2.5832,-1.3325,2.7546,-0.5694,0.4377,0.3064,-1.4594,-0.4125,1.4574,-1.3242,0.3063,0.6667,0.4541,0.5881,0.8442,0.7423,0.4101,0.5645,0.1168,0.1668,0.2836,9,15,8,90.0124,106.9725,89.0482,0.2852,0.1035,0.1816,3.2444,3.643,3.7317,-0.5374,123,110,75,47,153,108,308,0.3994,0.3571,0.2435,0.1526,0.4968,0.3506,116.3091,96.5903,120.4149,89.0606,146.611,91.737,91.5832,92.5829,109.213,120.0913,99.7313,91.4941,97.3233,107.0262,151.6747,95.7554,102.7122,103.5163,92.3214,97.4839,107.847,3.5366,51.7015,50.9254,47.947,45.4077,49.9528,45.8459,51.0304,49.9193,51.5636,47.2979,46.2401,49.4721,47.9861,50.4638,50.6765,50.9377,53.7879,51.6547,54.8923,70.3371,41.227,48.4278,48.7568,49.7555,0.1705,4.142,100.0368,104.7533,106.6437,105.241,94.3647,87.9438,98.3604,98.8957,97.1463,99.7598,99.8562,101.6081,100.1357,98.2004,98.5558,93.7523,99.8119,95.5803,114.3623,79.473,87.7991,99.655,98.5101,97.022,1,0,1,0,0,0,0.0422,1,1,-0.0514,0.0422,-0.0092,12,6,0.5,-1.3602,0,0,NA,NA,11,5,0.4545,1.3659,0.3835,0.1155,0.0201,0.0996,0.1567,0.1361,0.0884,0.0631,0.0935,0.1361,93.8655,87.8684,86.3558,93.861,84.3316,78.922,82.3005,84.6681,84.1045,78.922,-2.4697,0.349,-5.3874,-5.5927,3.4372,1.5091,0.537,-0.8945,6.3612,1.5091,9.8225,3.6721,-2.1599,5.9515,0.6775,-7.196,5.8287,-1.0397,1.8367,-7.196,4.8769,-4.3099,-0.5816,-0.0333,3.0373,-0.5717,2.7409,1.4498,1.5875,-0.5717,0.5947,-1.7449,-1.3524,-0.0156,0.9066,-0.1965,1.4502,1.0739,0.7937,-0.1965,40.1338,37.7503,36.8886,35.0257,37.1669,40.7668,45.0303,43.0639,33.1864,40.7668,2048.7732,2124.8219,593.7674,1980.9484,2246.3642,2194.3814,1721.3757,2242.0444,2249.28,2194.3814,0.2912,0.6266,0.4542,0.5344,0.8372,0.73740000000000006,0.486,18.4864,70.9214,0.1913,7.2728,0.3002,0.2136,0.1105,0.0786,24,763,31.8645,10.9545,0.3142,0.5046,28.039,27.2926,0.7076,0.854,0.259,0.4987,0.7415,0.3877,0.2809,0.4328,0.2408,0.0717,0,0.1126,0.5606,0.7627,0.2125,0.4236,0.7075,0.1752,0.2832,0.5562,0.5285,0.6458,0.8264,0.4715,0.0884,0.1244,0.3845,0.0669,0.0201,0.1001,0.21560000000000001,82.5143,79.0458,94.0902,89.1096,86.541,94.1442,84.8328,0.7197,2.5834,-2.0182,-0.6506,-4.6035,-5.1632,3.3238,4.1746,-9.6395,8.5166,3.0799,-3.9589,4.631,-0.628,2.7321,-0.6178,4.1787,-2.0919,-0.5816,0.0177,1.5021,1.4455,-0.2322,0.5084,-1.4628,-1.3524,0.0083,0.3258,0.2938,0.6283,0.4542,0.5474,0.8354,0.7384,0.4794,18.4864,308,89.7767,15.1311,33,0.1071,115.6,122,0.3961,8.7857,14,123,P,P,CLE,5,5,106.2,NA,NA,NA,NA,NA,NA,-0.0514,NA,NA,NA,NA,NA,NA,NA,NA,NA,NA,NA,NA,NA,NA,NA,NA,NA,NA,NA,NA,NA,NA,NA,NA,NA,NA,NA,NA,NA,NA,NA,NA,NA,NA,NA,NA,NA,NA,NA,NA,NA,NA,NA,NA,NA,NA,NA,NA,NA,NA,NA,NA
KCR,6,8,4.0353,57,14,7,0,0,6,1,122.2,517,108,59,55,15,57,2,3,4,0,125,129,133,66,10,2085,792,1293,47,6,4,1,9.1712,4.1821,2.193,7.9239,1.1005,0.2363,1.3451,0.2934,0.7415,4.1662,0.9699,0.2012,0.3933,0.4055,0.0752,0.1128,0.0465,0.25,0.381,-0.2,11.3631,71.6,-6.2315,47.1,5.1316,0.7337,5.8698,2.0159,1.1512,0.131,1.2822,4.5194,3.9577,1.2628,-7.451,8.7138,3.5623,0.3387,0.9025,0.8734,0.8971,0.906,43,57,0.3845,1.0148,0.4763,93.0917,0.1875,84.0256,0.0964,88.9254,0.0787,79.2086,0.1559,84.1821,0.0053,85.5455,0.0029,-2.7642,-4.4481,2.9688,-3.1657,2.883,0.0947,-0.2784,-1.1376,1.477,-1.9303,0.8871,0.8611,0.2987,0.6753,0.4528,0.5978,0.8576,0.7564,0.4091,0.5667,0.1103,0.165,0.2753,7,12,7,95.2457,105.2465,99.8546,0.2418,0.1103,0.1315,3.8182,4.2444,3.4484,-0.1308,135,129,68,51,181,100,332,0.4066,0.3886,0.2048,0.1536,0.5452,0.3012,99.8503,104.1624,95.8602,99.4297,116.0601,101.4697,101.0152,100.637,103.8057,101.8236,106.2209,103.9846,94.9133,103.4089,115.2416,97.5,111.7459,87.0701,92.9367,106.9874,92.6396,4.4032,50.9615,51.4226,50.5322,51.1795,47.8776,50.0404,50.2868,50.1775,51.279,47.8459,43.9221,49.4071,46.0137,47.1962,46.9135,50.3671,42.0883,55.2434,47.9998,52.8822,36.2049,48.1632,47.3015,50.6201,0.191,4.1727,103.5241,95.3524,99.1751,97.5967,108.4238,98.2334,94.1964,100.6284,96.7176,97.1712,95.8624,97.7698,98.4172,94.9823,89.8164,82.849,108.3459,98.6079,73.2509,91.6055,73.9291,95.7276,98.7578,95.4406,0,0,0,0,0,0,NA,0,0,0,0,0,19,10,0.5263,-1.5095,0,0,NA,NA,17,11,0.6471,2.3105,0.3501,0.0898,0.0053,0.1239,0.1945,0.061,0.1561,0.1537,0.0408,0.0581,93.2451,89.2053,85.5909,93.2736,83.876,78.9087,84.1477,84.535,81.3953,78.9934,-0.1593,-0.2784,2.4799,-3.8694,0.027,5.0578,-2.0698,0.0788,-0.1682,4.8763,9.8087,5.5328,4.0892,5.5048,0.5455,-6.1996,3.2126,1.0012,-1.1703,-6.334,-3.9963,3.2975,0.0826,1.9972,-3.2132,-3.0963,2.374,-2.7117,-0.5015,-3.2215,-0.5482,1.7634,0.7508,0.7741,-0.7934,-2.438,0.7304,-0.8474,-0.59,-2.6624,37.6962,34.8495,56.1172,31.743,33.8489,41.6889,37.6082,38.5813,16.0329,43.2845,2159.1084,2238.9144,872.3636,2085.4419,2202.0395,2729.874,1618.1754,2237.5156,2068.4824,2720.3554,0.2795,0.6464,0.4534,0.5719,0.8433,0.7553,0.4741,18.0565,71.2954,0.2391,7.2974,0.3197,0.2404,0.1487,0.1118,10,778,32.0179,9.8706,-2.491,0.5154,29.0322,27.5923,0.702,0.886,0.2529,0.5275,0.7285,0.4133,0.2082,0.5052,0.2357,0.0619,0.0833,0.0981,0.6005,0.7909,0.2215,0.4433,0.631,0.1917,0.2681,0.5548,0.5231,0.6566,0.8451,0.4769,0.1619,0.0855,0.3506,0.0884,NA,0.1258,0.1868,84.5414,80.7937,93.3109,89.7198,NA,93.7565,84.0493,-1.6142,3.0346,0.181,0.3806,NA,-3.6583,0.7602,1.5873,-7.0663,8.5793,4.3087,NA,4.2496,-1.1226,2.5989,-3.9853,-4.1231,-0.0037,NA,2.3837,0.0944,0.7712,-2.2389,-0.5648,-0.002,NA,0.9098,0.0243,0.2787,0.6399,0.4536,0.5853,0.8341,0.7553,0.4844,18.0565,332,89.8021,13.581,33,0.0994,111,136,0.4096,8.7619,14,122.6667,P,P,KCR,7,7,105.5,44.2395,41.0495,46.329,92.3471,82.1213,77.6329,NA,0.0192,77.68,-1.0264,-5.417,-0.1483,-0.3708,40.0746,2428.15,NA,NA,NA,NA,NA,NA,NA,NA,NA,NA,NA,NA,NA,NA,NA,NA,NA,NA,NA,5e-4,87.5393,0,0,0.311,31.1027,NA,0.0029,77.2,8.7182,-3.489,0.1252,2.087,9.5096,2921.8333,NA,NA,NA,NA,5e-4,60.4884,-8.4367,-8.8292,-0.0269,-2.6918
CHC,6,7,3.3158,52,13,4,0,0,2,2,114,454,82,46,42,14,40,1,6,4,0,103,124,125,53,12,1830,659,1171,56,5,3,0,8.1316,3.1579,2.575,6.4737,1.1053,0.201,1.0702,0.2337,0.7565,4.1472,0.992,0.1755,0.4106,0.4139,0.096,0.112,0.0403,0,0.3458,-0.5,11.1005,63.8,-5.5267,46.7,5.5738,0.7088,5.6706,1.9484,0.0108,1.2287,1.2396,4.0322,3.9475,0.1768,-6.7072,6.884,9.8109,1.019,0.8259,0.8141,0.9437,0.9669,39,52,0.9515,-0.7375,0.4904,93.3662,0.1208,83.4909,0.0588,87.2336,0.1159,81.4455,0.1269,86.684,0.0873,85.5283,0.0071,7.5068,1.0936,3.1638,-3.6916,4.891,-1.0482,0.8406,0.4971,2.9568,-1.7496,2.1173,-0.6592,0.353,0.6497,0.4738,0.6423,0.8533,0.7601,0.4071,0.641,0.1137,0.1656,0.2792,1,7,8,90.0272,108.1387,101.0451,0.2269,0.0881,0.1388,3.6983,4.1575,4.4211,-0.8314,123,103,79,45,164,96,305,0.4033,0.3377,0.259,0.1475,0.5377,0.3148,95.6306,88.8107,101.4065,83.1026,118.7135,87.8155,84.8916,83.82,104.0711,101.2667,94.0449,95.2163,93.3173,110.1736,114.1447,99.9177,95.4206,106.8209,86.9546,107.0629,95.9348,3.9764,52.5927,47.5311,55.668,53.5608,53.2018,51.6254,55.5253,49.299,55.5756,52.5908,48.4643,51.9507,51.459,49.2485,52.1395,53.8428,53.5806,50.6578,54.2637,48.5187,55.7046,54.2683,48.636,55.4619,-0.2818,3.4634,89.7146,108.7772,99.8984,108.9682,94.9762,99.3515,100.126,109.059,107.3154,101.801,89.9737,93.5655,102.7384,103.1442,104.1141,90.0952,103.1256,103.7476,96.6763,112.0021,105.9509,99.6142,104.9628,103.8751,0,0,0,0,0,0,NA,0,0,0,0,0,12,5,0.4167,-1.1353,0,0,NA,NA,10,6,0.6,0.9819,0.3781,0.0776,0.0874,0.0874,0.129,0.0825,0.124,0.0514,0.0776,0.0825,93.8681,88.0282,85.4706,92.1544,83.7508,79.0695,86.6441,87.0457,81.5697,79.0695,0.1426,2.069,1.1717,-3.1351,1.4579,3.2532,-5.1342,-0.1274,2.5072,3.2532,9.793,5.7183,2.5195,5.6622,1.1471,-5.5307,3.6096,1.7133,0.7722,-5.5307,7.6092,1.7529,-1.074,3.6649,1.2689,-5.6235,4.0739,-1.0946,2.3634,-5.6235,1.0996,1.2344,-0.6712,2.2906,0.5377,-3.7242,1.7947,-1.1644,1.6644,-3.7242,33.5698,35.2452,29.0462,31.6688,30.0089,38.5469,34.1847,32.9061,28.0911,38.5469,2053.5867,2385.3803,889.325,2103.8938,2189.1653,2450.649,1841.2423,2187.8511,2190.0352,2450.649,0.3267,0.6311,0.4732,0.6,0.8471,0.7587,0.4814,18.5507,71.3645,0.2302,7.3589,0.3384,0.2528,0.1191,0.089,15,708,31.7064,9.5308,-0.3422,0.4816,28.5728,28.2502,0.6534,0.8638,0.2543,0.5519,0.7807,0.4133,0.2884,0.4862,0.2251,0.0722,0.1538,0.1072,0.6023,0.8278,0.2067,0.5014,0.7241,0.2067,0.333,0.6116,0.5366,0.6356,0.8479,0.4634,0.1388,0.1148,0.3536,0.0989,0.0705,0.0885,0.1339,86.811,81.5247,93.9088,90.0981,85.0547,92.345,83.9438,-5.4437,2.8085,0.155,1.8445,3.256,-3.5804,1.6152,1.3245,-6.2315,8.515,5.4915,1.6001,4.1741,-0.5185,3.5217,-3.5897,6.9018,3.1101,-0.4647,3.2014,1.2065,1.3865,-1.7094,1.0667,1.7183,-0.3602,1.9762,0.4924,0.3302,0.6251,0.4726,0.5865,0.8551,0.7581,0.483,18.5507,305,89.642,14.42,26,0.0852,111.6,119,0.3902,8.7692,13,114,P,P,CHC,17,17,105.4,53.9056,47.1867,51.5977,118.9019,100.44,110.7852,NA,0.0339,87.0806,1.2191,-1.5923,2.2303,3.5972,45.7063,2313.629,NA,NA,NA,NA,NA,NA,NA,NA,NA,NA,NA,NA,NA,NA,NA,NA,NA,NA,NA,0.0011,87.9895,0,0,0.0153,0.7634,NA,NA,NA,NA,NA,NA,NA,NA,NA,NA,NA,NA,NA,NA,NA,NA,NA,NA,NA
MIL,8,5,4.0263,58,13,1,0,0,4,1,114,486,98,53,51,14,56,2,6,7,0,130,120,117,51,10,1953,740,1213,73,6,6,5,10.2632,4.4211,2.3214,7.7368,1.1053,0.2311,1.3509,0.3,0.7621,4.0945,1.0256,0.1771,0.4167,0.4062,0.0855,0.1197,0.05,0.8333,0.4115,-0.12,2.7929,54.8,2.051,55,4.8438,0.6815,5.4516,0.8955,0.6832,-0.4691,0.2141,4.0112,3.8055,0.1858,-8.0066,8.1924,5.363,0.5616,0.9541,0.9411,1.0298,1.0758,45,58,0.3112,-0.1165,0.5597,95.3599,0.1563,85.177,0.0974,89.7474,0.0841,83.8415,0.1025,86.625,NA,NA,0.0041,-5.4915,6.2223,-1.2645,-0.6664,-2.7379,NA,-0.5029,2.0401,-0.6655,-0.4063,-1.369,NA,0.3092,0.6275,0.4385,0.5978,0.8491,0.7439,0.4062,0.6049,0.1121,0.1797,0.2919,8,13,6,108.1682,104.7702,97.2716,0.2675,0.1152,0.1523,3.5486,3.9955,5.7632,-0.0682,104,111,79,44,147,103,294,0.3537,0.3776,0.2687,0.1497,0.5,0.3503,120.6988,124.335,94.0885,99.3178,118.7134,100.9899,107.1582,107.6101,104.4566,119.3967,122.9937,96.0771,94.697,108.1354,121.9494,87.6442,106.6794,110.8176,88.2034,99.5555,106.7812,3.8489,48.3169,46.0306,49.5303,45.2172,57.9514,43.7598,54.6586,55.2856,51.6154,50.0685,50.1894,50.2041,53.6969,56.4053,51.8322,41.9245,38.0273,44.1133,NA,NA,NA,50.4447,50.5961,49.8806,0.0143,3.9076,91.2394,103.1204,93.7219,104.3383,87.7518,90.8396,109.0099,99.8601,105.4794,102.6537,100.8832,104.8968,112.4724,105.6892,111.7183,91.8708,98.76,98.1295,NA,NA,NA,103.7229,99.8314,102.7993,1,0,1,0,0,0,0.0789,1,1,-0.0358,0.0789,0.0432,12,5,0.4167,-0.7507,0,0,NA,NA,18,12,0.6667,1.8097,0.2911,0.1005,NA,0.2665,0.1179,0.1076,0.1015,0.0738,0.0441,0.0692,95.5924,89.7444,NA,95.0358,85.8313,83.0067,86.5742,88.2035,81.8593,83.0533,-2.0212,-0.1814,NA,-0.0682,1.9255,-0.9082,0.0043,0.1465,4.9042,0.04,9.238,6.6289,NA,4.8705,1.4766,-4.7941,2.7546,1.1955,1.9472,-6.4252,-1.8021,-0.3231,NA,-3.1424,5.349,0.9348,-3.0593,4.6712,0.6778,-0.1288,-0.3173,-0.1649,NA,-0.6043,2.3257,0.4451,-1.5451,3.2439,0.7881,-0.0954,33.0741,30.2074,NA,31.3842,26.1916,35.0976,35.6923,30.9453,18.2318,39.4885,2330.4419,2107.9133,NA,1870.0019,2289.0522,2128.8381,1735.4596,2167.5417,2492.5116,2239.6074,0.283,0.6015,0.4382,0.5618,0.8322,0.7427,0.4874,18.7641,71.9268,0.2479,7.3057,0.3288,0.2407,0.1245,0.0912,16,702,29.6089,8.2846,0.9577,0.4829,27.859,28.3086,0.6704,0.8796,0.2471,0.5093,0.7161,0.4177,0.2225,0.4227,0.2416,0.0769,0.3077,0.0936,0.5622,0.766,0.2316,0.4435,0.6376,0.1861,0.2727,0.5435,0.5187,0.6166,0.8377,0.4813,0.0994,0.1333,0.2896,0.1256,NA,0.2706,0.0815,86.762200000000007,84.1354,95.949,90.8457,NA,95.2885,83.4109,0.1068,-0.6864,-1.7444,0.5034,NA,0.0675,3.3089,1.2993,-5.6918,8.2099,4.9344,NA,3.5487,-0.3797,-3.2973,2.6983,-2.1025,1.4355,NA,-3.2101,2.9982,-1.6996,1.0378,-0.3721,0.5859,NA,-0.608,1.8857,0.2815,0.5955,0.4382,0.56,0.8293,0.7427,0.4992,18.7641,294,90.3378,14.7569,24,0.0816,116.9,129,0.4388,8.7692,13,114,P,P,MIL,23,23,105.3,68.7874,66.3871,62.9924,114.5324,109.5938,128.0145,-0.0358,0.0149,87.2931,0.7157,-1.3251,0.4995,1.7226,46.4077,2338.6897,NA,NA,NA,NA,NA,NA,NA,NA,NA,NA,NA,NA,NA,NA,NA,NA,NA,NA,NA,NA,NA,NA,NA,NA,NA,NA,0.0384,82.9227,-2.615,-1.8581,1.0636,1.4182,27.194,1929.4533,NA,NA,NA,NA,NA,NA,NA,NA,NA,NA
BOS,4,9,4.1294,56,13,4,0,0,3,1,113.1,495,104,58,52,13,52,1,5,5,0,111,143,109,69,6,1999,760,1239,46,9,6,1,8.8147,4.1294,2.1346,8.2588,1.0324,0.2374,1.3765,0.2898,0.7213,4.1883,1.3119,0.215,0.4455,0.3396,0.055,0.1193,0.0629,0.1667,0.3556,-0.23,8.2721,62.5,-2.8825,47.1,5.3895,0.6647,5.3175,1.2036,0.4465,0.0923,0.5389,4.8206,3.9224,0.0494,-9.3091,9.3585,2.4546,0.1601,1.0854,0.9606,1.1892,1.2844,43,56,0.2502,-0.2047,0.448,93.6554,0.1559,83.9709,0.1806,88.8966,0.0908,79.7833,0.1201,84.3908,0.0045,89,0.0105,1.7005,-3.4576,2.1863,-3.2876,-3.1685,-0.3619,0.1915,-1.119,0.6107,-1.8265,-1.3313,-4.0208,0.3194,0.6675,0.4589,0.6204,0.8727,0.7675,0.4008,0.604,0.1066,0.1591,0.2656,7,13,10,96.3665,105.0991,98.9942,0.2242,0.1051,0.1192,3.8696,4.3924,3.6529,-0.0589,142,110,75,53,177,97,327,0.4343,0.3364,0.2294,0.1621,0.5413,0.2966,95.9691,102.851,93.3088,103.6322,108.8689,101.9502,103.3705,99.4136,100.5615,94.438,101.2101,111.0819,107.5084,86.5967,121.8671,104.1236,96.7442,97.5016,98.0581,106.2228,91.2344,4.9641,56.0809,52.51,54.1721,48.7472,52.3009,47.7215,50.0139,52.0962,48.8638,47.0772,49.2389,45.8536,46.9474,52.1667,46.7944,56.9649,57.6684,51.9349,57.095,56.5295,43.8205,50.8372,51.6117,49.0254,-0.0161,3.862,96.3506,110.6614,106.3582,105.3234,94.3636,90.4132,104.8918,93.7849,96.0369,100.305,89.0779,91.8946,113.9017,93.3344,100.4528,89.0029,110.6492,110.6269,108.1514,101.9314,101.3029,101.3897,97.4946,98.9375,2,0,1,0,0,0,0.1592,2,1,-0.133,0.1592,0.0262,13,11,0.8462,-2.0315,0,0,NA,NA,7,3,0.4286,0.9727,0.2064,0.1784,0.0035,0.247,0.1588,0.0837,0.1192,0.0511,0.1077,0.0837,93.8119,88.8166,89.8571,93.4028,83.8953,79.7533,84.2349,85.2676,83.2442,79.7533,1.7142,0.0402,0.0653,-1.3514,2.0364,2.1835,1.856,0.6369,2.7003,2.1835,9.1926,3.5397,2.5722,5.4662,0.6362,-6.1017,1.3992,1.4014,0.2731,-6.1017,2.6315,3.6685,-0.3209,-0.924,-3.2535,-3.5303,-2.913,-0.2653,-2.9883,-3.5303,0.6387,1.0305,-4.584,-0.1874,-1.0263,-2.1139,-1.2239,-0.2601,-1.3899,-2.1139,32.9715,38.2562,48.4942,34.1839,32.7939,40.1123,31.126,32.819,32.782,40.1123,2109.2379,2365.5983,1246.8571,2034.7241,2186.1009,2307.1018,1418.1513,2066.7353,2242.7302,2307.1018,0.2861,0.6435,0.4589,0.5763,0.8551,0.7653,0.4835,19.6092,72.2022,0.272,7.4326,0.3054,0.23,0.1344,0.1012,11,761,32.1746,11.5497,-0.1599,0.5414,27.0242,28.4427,0.6973,0.8952,0.261,0.5401,0.7391,0.3946,0.2466,0.5182,0.2431,0.0699,0.1538,0.1014,0.6162,0.807,0.2016,0.4605,0.6442,0.1929,0.2904,0.5783,0.5401,0.6569,0.86240000000000006,0.4599,0.1147,0.1027,0.2069,0.1703,0.008,0.2465,0.1508,84.2838,80.6475,93.9886,89.1287,89.1316,93.5842,84.0813,1.3759,1.7751,1.549,0.1708,4.374,-1.2809,2.175,-0.242,-7.2213,8.0835,2.2653,1.9348,4.1257,-0.5054,-2.9605,-2.0668,2.5248,4.5409,-0.2734,-0.9099,-5.7988,-1.2928,-1.0082,0.6113,1.3356,-1.7085,-0.1849,-1.9265,0.2888,0.6321,0.4594,0.5793,0.8517,0.7655,0.497,19.6092,327,89.0087,10.2147,36,0.1101,114.6,124,0.3792,8.718,13,113.3333,P,P,BOS,3,3,105.4,39.3216,59.1894,45.5883,108.8333,67.4767,69.63,-0.133,0.003,77.7167,-4.0766,-11.1356,0.3804,6.3406,61.2718,2730.6667,NA,NA,NA,NA,NA,NA,NA,NA,NA,NA,NA,NA,NA,NA,NA,NA,NA,NA,NA,NA,NA,NA,NA,NA,NA,NA,NA,NA,NA,NA,NA,NA,NA,NA,NA,NA,NA,NA,NA,NA,NA,NA,NA,NA
ATH,6,7,4.3826,59,13,2,0,0,3,5,115,511,104,59,56,12,73,3,2,1,0,103,141,132,58,20,2044,801,1243,51,7,1,1,8.0609,5.713,1.411,8.1391,0.9391,0.2385,1.5391,0.2866,0.7398,4.6689,1.0682,0.1752,0.426,0.3988,0.1515,0.0909,0.0496,1,0.3679,-1.67,2.7804,60.4,0.7681,52.5,3.5485,0.6017,4.8134,1.2888,0.4358,0.2513,0.6871,4.6432,4.7746,-0.4894,-10.7921,10.3027,-0.6128,-0.0035,1.1707,1.0481,1.3561,1.4935,46,59,0.2484,-0.6664,0.4782,94.4913,0.2198,83.2183,0.1317,89.974,0.0671,75.7445,0.0808,84.5152,0.0225,85.0217,0.0064,-5.3956,-0.1607,-3.6939,1.3747,2.1519,-1.2294,-0.5523,-0.0358,-1.3732,1.0035,1.3042,-2.6726,0.3105,0.6623,0.4537,0.6702,0.8457,0.7745,0.4072,0.5577,0.1023,0.1526,0.2549,8,11,11,103.6406,115.2644,119.7261,0.2016,0.1429,0.0587,4.7228,5.1182,3.9913,-0.2863,125,131,76,63,173,96,333,0.3765,0.3946,0.2289,0.1898,0.5211,0.2892,87.7618,142.2944,59.281,102.1303,99.0379,102.4178,115.5859,98.3144,103.9535,84.8878,137.6346,90.5522,102.8022,101.7012,92.8917,90.2777,113.4784,97.3137,114.8042,102.2587,88.934,4.3393,47.8929,47.6383,47.098,49.2687,49.7176,54.18,49.9511,50.3953,49.3667,49.7302,44.9697,49.0599,50.803,49.7016,48.2873,42.4781,47.9557,45.1718,50.7475,45.918,46.9495,48.1754,47.7622,47.9378,0.1901,4.1713,98.0343,90.969,89.1897,98.2036,94.6219,86.2364,97.0431,99.4668,97.4938,99.0948,103.545,106.9563,106.8972,94.8021,100.0454,87.429,96.3124,92.9191,87.3902,99.4659,90.1435,98.1894,97.8742,97.6535,0,0,1,0,0,0,0.0422,0,1,0,0.0422,0.0422,11,5,0.4545,-1.0933,1,1,1,0.1199,18,8,0.4444,2.4835,0.2932,0.1336,0.025,0.1831,0.2173,0.0671,0.0808,0.1072,0.1101,0.0671,94.4145,89.985,85.0725,94.492,83.1583,75.6942,84.4891,83.9858,82.3529,75.6942,-0.0448,1.0395,-2.9793,-7.7146,3.2597,3.4861,1.0635,0.3149,6.1259,3.4861,9.6388,5.1921,2.394,5.6162,1.2142,-7.8912,4.3051,1.1275,1.2986,-7.8912,-5.0829,-2.3274,0.0602,0.3884,-2.0033,1.4295,2.1504,-3.6336,1.6303,1.4295,-0.8486,-0.8525,0.1179,0.1039,-0.4512,1.0434,1.3033,-1.6592,0.7246,1.0434,34.5037,33.8705,33.1103,35.3583,30.1044,43.7146,32.6868,28.567,31.6009,43.7146,2136.813,2159.3077,1408.3529,2044.8262,2381.7252,2600.146,1508.1758,2293.4521,2467.6444,2600.146,0.2792,0.6379,0.4542,0.6336,0.8396,0.7748,0.488,19.3859,72.2281,0.2906,7.4254,0.2862,0.214,0.1131,0.0845,8,757,31.0885,9.8558,-1.1453,0.5244,28.4653,27.9168,0.7045,0.8571,0.2451,0.5094,0.801,0.4194,0.24,0.5093,0.2362,0.0582,0.1818,0.0992,0.5824,0.8167,0.2262,0.4239,0.7756,0.1932,0.2806,0.6469,0.5286,0.649,0.8368,0.4714,0.0832,0.0675,0.2932,0.1292,0.0108,0.185,0.231,84.4355,75.9897,94.6109,90.2129,85.155,94.7023,83.5597,0.7382,3.6856,0.0012,1.2736,-2.9939,-7.378,3.4931,2.7187,-9.6324,8.4124,4.2139,0.3381,4.3077,-0.3481,2.272,0.8888,-5.1187,-3.804,-0.3792,0.7508,-0.3312,1.3365,0.6441,-0.8545,-1.4409,-1.7236,0.1986,-0.0702,0.2775,0.6368,0.4542,0.6285,0.8406,0.7748,0.4919,19.3859,333,87.7172,15.4471,23,0.0691,112.1,124,0.3724,8.8461,13,115,P,P,ATH,10,10,104.7,NA,NA,NA,NA,NA,NA,NA,NA,NA,NA,NA,NA,NA,NA,NA,NA,NA,NA,NA,NA,NA,NA,NA,NA,NA,NA,NA,NA,NA,NA,NA,NA,NA,NA,NA,NA,NA,NA,NA,NA,NA,NA,NA,NA,NA,NA,NA,NA,NA,NA,NA,NA,NA,NA,NA,NA,NA,NA,NA
STL,8,5,4.6525,63,13,4,0,0,5,2,118,521,118,64,61,13,53,1,6,5,0,81,182,132,63,13,1970,768,1202,62,12,3,2,6.178,4.0424,1.5283,9,0.9915,0.2554,1.4492,0.2853,0.7116,4.7065,1.3788,0.1671,0.4828,0.3501,0.0985,0.0985,0.0659,0.6667,0.2821,-0.15,2.1442,65.3,-3.8787,49.2,-1.7345,-0.1067,-0.8534,0.4845,0.6444,-0.0532,0.5912,4.4592,4.6993,0.7702,-9.9545,10.7247,-3.7512,-0.3749,1.1787,1.1128,1.3953,1.5311,50,63,-0.7696,1.4231,0.4804,94.6142,0.2341,85.0434,0.0584,89.7391,0.0965,81.2053,0.1092,87.1721,0.0213,88.4286,0.0025,0.5426,-7.4999,-0.9318,-3.3486,0.5268,-0.5099,0.0574,-1.6269,-0.8103,-1.7624,0.245,-1.2141,0.2855,0.6935,0.4525,0.7078,0.8998,0.8283,0.4093,0.5835,0.0777,0.1569,0.2345,13,21,11,126.7838,123.7651,121.0207,0.1555,0.1017,0.0537,4.6081,5.1778,4.7288,-0.053900000000000003,147,144,89,68,180,132,381,0.3868,0.3789,0.2342,0.1789,0.4737,0.3474,72.6553,113.6852,57.5972,115.533,106.4972,111.5983,114.9539,102.3466,97.898,69.3957,108.5848,90.6654,109.7179,93.1981,100.3707,95.8453,107.0739,96.5907,105.4643,94.3157,105.8754,5.4156,50.201,43.7281,52.2169,46.8722,54.879,47.1193,48.9339,46.185,51.5647,49.9188,50.4252,47.3378,49.0422,53.3453,47.7337,49.7744,50.3348,50.9605,49.1348,57.9218,42.3771,48.3808,49.5536,48.6894,0.1742,4.1474,88.5855,106.3768,98.4241,97.7588,97.1792,91.1549,89.5196,102.6895,93.8987,101.9748,97.857,102.6596,101.4204,95.4773,97.1225,86.7859,102.4266,94.2134,119.3824,82.7181,86.6933,96.2579,99.1723,96.5221,1,0,0,0,0,0,NA,1,0,-0.041,0,-0.041,9,4,0.4444,-0.8025,1,0,0,NA,13,6,0.4615,1.1932,0.2631,0.0589,0.0213,0.2174,0.2575,0.0599,0.1092,0.1493,0.1082,0.0599,94.7239,89.6897,88.369,94.3472,85.069,80.111,87.1405,86.5061,83.0854,80.111,-2.867,0.2254,-5.7407,-4.2512,1.0469,2.8243,-1.3081,-1.1357,4.0596,2.8243,8.645,3.5754,3.347,3.7582,0.1799,-8.2318,1.7429,0.6692,-0.4955,-8.2318,-2.6846,-0.0186,-0.5099,3.9567,-10.6206,-0.7537,0.9918,-4.0349,-6.5858,-0.7537,-0.5183,-0.016,-1.2141,0.9245,-2.0948,-0.6388,0.4613,-1.3724,-3.0919,-0.6388,39.8865,27.1933,47.526,29.2156,34.7776,41.3288,33.5878,39.7681,27.8893,41.3288,2081.112,2109.319,1019.6429,1978.264,2390.572,2541.0424,1541.8233,2424.8741,2343.2254,2541.0424,0.2587,0.6573,0.453,0.6437,0.9049,0.8285,0.4876,19.1019,71.8009,0.2385,7.3007,0.3472,0.2817,0.1611,0.1307,15,742,32.8663,8.8381,-0.6701,0.5391,28.4964,27.7848,0.7484,0.9101,0.2485,0.5341,0.8371,0.4027,0.209,0.5484,0.2399,0.0198,0.25,0.1089,0.596,0.8941,0.2135,0.4644,0.7546,0.1892,0.2619,0.6655,0.5333,0.6714,0.9011,0.4667,0.1072,0.0711,0.2509,0.0716,0.0234,0.2143,0.2616,88.1639,79.9803,95.1561,91.1183,85.5393,94.8513,85.531,-2.265,2.9277,-2.6832,0.0244,-0.2906,-4.2299,1.1319,0.8541,-9.9078,7.8751,3.3103,0.2548,2.7101,-0.9943,1.6116,0.1448,-3.0792,0.4146,-0.0468,2.8194,-10.6772,0.7638,0.1034,-0.6233,0.294,-0.1017,0.6681,-2.0732,0.2532,0.6605,0.453,0.6496,0.8981,0.8274,0.4906,19.1019,381,89.2029,9.0398,28,0.0735,116,161,0.4226,9.0769,13,118,P,P,STL,28,28,105.9,46.1906,39.4606,46.5027,96.4368,85.3856,71.7776,-0.041,0.0127,77.384,2.2973,-9.2417,0.8362,3.3446,60.9639,2708.08,NA,NA,NA,NA,NA,NA,NA,NA,NA,NA,NA,NA,NA,NA,NA,NA,NA,NA,NA,NA,NA,NA,NA,NA,NA,NA,NA,NA,NA,NA,NA,NA,NA,NA,NA,NA,NA,NA,NA,NA,NA,NA,NA,NA
HOU,6,8,6.3223,58,14,2,0,0,3,0,121,555,123,87,85,21,80,0,8,9,0,139,127,140,56,16,2225,889,1336,85,11,5,3,10.3388,5.9504,1.7375,9.1488,1.562,0.2634,1.6777,0.3322,0.6828,5.2877,0.9071,0.1734,0.3932,0.4334,0.1143,0.15,0.0866,0.6,0.4324,-0.36,6.2465,58.6,-13.6236,58.2,-7.3771,-0.5307,-4.2459,-1.5312,-0.1074,-0.893,-1.0004,5.0479,4.5054,-2.269,-9.4869,7.2179,-23.0268,-2.2671,0.81,0.7618,0.8365,0.8241,44,58,-2.2915,-0.5096,0.4836,94.5172,0.2659,84.8139,0.0558,89.7984,0.0706,80.707,0.121,86.9294,0.0031,84.7143,9e-4,-17.6559,-1.7587,2.272,-0.4146,-4.0669,-0.4571,-1.6424,-0.2976,1.8322,-0.2641,-1.5119,-6.5298,0.2774,0.6954,0.4453,0.5583,0.8583,0.7465,0.4017,0.5784,0.1128,0.1542,0.267,3,5,10,154.6002,132.8263,113.1774,0.2505,0.1441,0.1063,4.1655,4.547,6.3223,1.0347,143,93,92,49,158,121,328,0.436,0.2835,0.2805,0.1494,0.4817,0.3689,112.563,148.2066,75.95,114.7991,164.7222,113.0881,125.9912,113.9714,94.7053,105.4753,138.8745,89.5952,94.8883,110.5365,153.2713,104.5372,81.5435,119.2374,90.3811,94.5312,113.4609,4.0577,41.5917,47.1865,42.4308,50.2019,44.5975,53.7952,45.0641,45.9753,45.1283,51.4146,48.6807,54.4119,50.3699,49.7398,49.7333,52.2216,51.5552,50.6393,20,45.6717,20,45.3758,47.2806,46.3576,0.4069,4.4965,86.0712,80.7852,71.6321,98.2487,99.4378,92.3447,94.8457,95.6626,88.3221,96.5885,100.6634,101.9189,103.8074,98.627,101.8325,95.2565,102.8435,104.1068,82.56,9.74,2.72,96.5592,95.9839,92.9237,2,0,0,0,0,0,NA,2,0,-0.3085,0,-0.3085,16,8,0.5,-1.2853,1,0,0,NA,13,5,0.3846,0.7099,0.3477,0.0558,0.0031,0.1363,0.2681,0.0351,0.1183,0.1633,0.1048,0.0351,94.5193,89.6234,84.6286,94.2852,84.7876,79.4731,86.8677,86.1187,82.7137,79.4731,-4.3579,1.3119,-8.3476,-8.3966,2.2368,4.9484,-8.8728,-0.1644,5.9777,4.9484,8.7114,4.0213,1.2722,5.8949,1.0069,-7.1181,2.8605,1.2362,0.6498,-7.1181,-20.4047,2.7682,-0.4571,4.1593,-3.2168,-0.2614,-2.365,-5.33,2.1132,-0.2614,-2.6397,2.2324,-6.5298,1.3727,-0.5397,-0.3351,-0.8993,-1.4683,0.9069,-0.3351,31.7433,28.5652,27.5926,35.2819,32.8395,29.806,32.4777,33.0881,32.452,29.806,2020.1682,2138.7581,1260.4286,2140.5017,2320.302,2071.3333,1688.3004,2210.259,2491.7425,2071.3333,0.2587,0.6471,0.4458,0.4966,0.8528,0.7457,0.4818,19.4583,72.1255,0.2679,7.3308,0.3206,0.2347,0.1307,0.0957,9,784,32.8693,10.8144,-1.6884,0.4668,26.6773,27.4258,0.7101,0.8944,0.2495,0.5187,0.7319,0.407,0.2208,0.3774,0.2362,0.0642,0.1429,0.1073,0.623,0.8043,0.218,0.3984,0.6013,0.189,0.2515,0.4933,0.5331,0.6676,0.8543,0.4669,0.1219,0.0693,0.3455,0.0549,0.0031,0.1386,0.2668,86.9115,80.5733,94.5607,89.707,84.5277,94.2449,84.7577,-8.2773,5.7125,-3.7817,1.9139,-7.4859,-7.9113,3.0522,1.3691,-9.3867,7.683,2.8957,-0.3153,4.5315,-0.4523,-3.4008,-0.6267,-20.1679,2.143,-0.4571,4.1085,-1.9118,-1.2549,-0.407,-2.626,1.7566,-6.5298,1.3339,-0.3224,0.2613,0.6428,0.4458,0.5067,0.8509,0.7467,0.4836,19.4583,328,90.0186,16.4441,25,0.0762,111.9,144,0.439,8.6429,14,121,P,P,HOU,21,21,104.4,47.9571,50.4095,51.3303,96.5572,100.0651,94.9805,-0.3085,0.0355,81.8911,4.7907,-7.6011,-0.2033,-0.2573,42.5342,2680.8354,NA,NA,NA,NA,NA,NA,NA,NA,NA,NA,NA,NA,NA,NA,NA,NA,NA,NA,NA,NA,NA,NA,NA,NA,NA,NA,NA,NA,NA,NA,NA,NA,NA,NA,NA,NA,NA,NA,NA,NA,NA,NA,NA,NA
WSN,5,8,5.819,59,13,1,0,0,1,4,116,534,121,81,75,25,65,1,7,7,0,99,150,141,66,9,2124,814,1310,78,13,5,3,7.681,5.0431,1.5231,9.3879,1.9397,0.2619,1.6034,0.284,0.7089,6.1041,1.0638,0.1849,0.4202,0.395,0.0638,0.1773,0.0867,0.6,0.3539,0.47,-2.0534,56.2,-17.2474,57,-19.3008,-1.8083,-14.4666,-1.6055,0.3095,-0.1067,0.2029,6.1143,4.8508,-2.6209,-10.2602,7.6393,-22.5407,-2.3171,0.942,0.855,1.034,1.0837,46,59,-3.0226,0.2401,0.4418,93.7026,0.2355,83.51,0.1041,88.2172,0.1211,81.2568,0.0612,84.5308,0.0363,83.6104,0.0019,-13.6514,-12.2838,-0.6028,-0.2696,0.8393,-1.3154,-1.4554,-2.4568,-0.2728,-0.1049,0.6456,-1.7083,0.2785,0.6579,0.4352,0.6369,0.8891,0.7944,0.4131,0.5918,0.0895,0.1794,0.2688,6,7,11,155.1723,157.767,125.0449,0.1854,0.1217,0.0637,4.6002,5.0587,6.0517,-0.2851,142,129,91,50,186,126,363,0.3923,0.3564,0.2514,0.1381,0.5138,0.3481,90.332,141.8292,63.0474,120.5128,208.3333,114.4356,127.1934,101.8794,97.5229,82.7521,129.9281,100.3039,95.4927,105.1297,180.7002,97.1889,100.6899,103.6721,81.4032,102.3056,106.0881,6.0309,46.9092,43.4992,48.0578,51.8436,53.7942,49.9335,49.1163,46.2401,51.5077,53.8249,48.0965,54.6363,46.6379,44.5972,48.0831,53.1955,47.5187,50.4396,55.4069,39.9485,57.5349,48.4651,45.0923,50.7554,0.1676,4.1376,84.9298,104.2701,86.5078,103.9583,101.0964,99.9137,93.8538,92.0116,86.1011,97.7021,106.0595,103.5373,103.3719,88.9264,90.8799,96.9478,115.4125,119.9373,105.0298,99.2009,86.4689,97.7132,96.951,94.0044,0,0,1,0,0,0,0.1592,0,1,0,0.1592,0.1592,10,6,0.6,-1.0665,0,0,NA,NA,12,5,0.4167,0.6213,0.3227,0.0805,0.0212,0.1187,0.2515,0.1027,0.0754,0.1399,0.1116,0.0904,93.855,88.7181,82.6333,93.1262,83.7124,80.6523,84.6356,85.5394,81.4228,80.0562,-2.9242,-0.6592,-3.4199,-5.7431,1.9951,-0.5638,-2.3307,1.4417,2.6888,0.2011,8.676,5.3534,0.7796,4.5988,0.7425,-4.3733,1.5609,1.7099,-0.4697,-4.6058,-8.7309,-2.104,-0.6436,-4.6389,-8.0259,-1.9535,0.3661,-4.8229,-3.2031,-0.2425,-1.2746,-1.2304,-1.4301,-1.8408,-1.503,-0.8961,0.2288,-1.6239,-1.3515,-0.1263,30.9114,29.2949,36.5689,28.9517,32.9554,34.0014,27.0584,36.0545,29.0717,35.0602,2075.6613,1857.4737,1009.2222,2062.9405,2298.6648,2222.7661,1632.3812,2250.6027,2358.8945,2254.9896,0.2677,0.6074,0.4352,0.6111,0.8774,0.7944,0.4932,19.3302,71.4645,0.218,7.2785,0.3621,0.288,0.1611,0.1281,26,757,32.5927,10.0455,0.355,0.5324,29.3923,27.9693,0.6928,0.9048,0.2466,0.5088,0.7778,0.4047,0.2289,0.5377,0.2354,0.0448,0.1,0.1134,0.5682,0.8504,0.2272,0.4327,0.6556,0.1774,0.2514,0.595,0.5228,0.6367,0.8806,0.4772,0.074,0.0961,0.3217,0.0933,0.0212,0.1215,0.2723,84.8374,81.1983,94.2192,88.7615,83.0519,93.3799,83.8152,-2.1792,3.6568,-2.6441,-0.4007,-3.5606,-5.4247,1.1303,0.0996,-7.4148,7.6915,3.9936,-0.9425,3.395,-1.0151,0.3661,-0.5939,-8.7926,-5.3799,-0.6436,-4.5123,-5.5394,0.2332,-0.2911,-1.2873000000000001,-2.7171,-1.4301,-1.749,-0.9584,0.2649,0.6089,0.4352,0.6232,0.8703,0.7944,0.4951,19.3302,363,90.1298,13.4045,42,0.1157,115.2,165,0.4545,8.9231,13,116,P,P,WSN,24,24,105,46.2835,41.384,47.6825,98.829,97.56,102.0279,NA,0.0273,84.2931,3.8907,-7.0616,0.2674,0.461,40.2427,2249.1897,NA,NA,NA,NA,NA,NA,NA,NA,NA,NA,NA,NA,NA,NA,NA,NA,NA,NA,NA,NA,NA,NA,NA,NA,NA,NA,0.0122,85.0538,-6.2129,-2.6569,-1.711,-6.581,26.1828,1984.8077,NA,NA,NA,NA,NA,NA,NA,NA,NA,NA
