team_abbreviation,g,ab,pa,h,x1b,x2b,x3b,hr,r,rbi,bb,ibb,so,hbp,sf,sh,gdp,sb,cs,avg,gb,fb,ld,iffb,pitches,balls,strikes,ifh,bu,buh,bb_pct,k_pct,bb_k,obp,slg,ops,iso,babip,gb_fb,ld_pct,gb_pct,fb_pct,iffb_pct,hr_fb,ifh_pct,buh_pct,tto_pct,w_oba,w_raa,w_rc,batting,fielding,replacement,positional,w_league,c_framing,defense,offense,rar,war,war_old,dollars,base_running,spd,w_rc_plus,w_bs_r,wpa,wpa_minus,wpa_plus,re24,rew,p_li,ph_li,ph,wpa_li,clutch,f_ball_pct,f_bv,sl_pct,s_lv,ct_pct,c_tv,cb_pct,c_bv,ch_pct,c_hv,sf_pct,s_fv,xx_pct,w_fb,w_sl,w_ct,w_cb,w_ch,w_sf,w_fb_c,w_sl_c,w_ct_c,w_cb_c,w_ch_c,w_sf_c,o_swing_pct,z_swing_pct,swing_pct,o_contact_pct,z_contact_pct,contact_pct,zone_pct,f_strike_pct,sw_str_pct,c_str_pct,c_sw_str_pct,pull,cent,oppo,soft,med,hard,bip_count,pull_pct,cent_pct,oppo_pct,soft_pct,med_pct,hard_pct,avg_2,bb_pct_2,k_pct_2,obp_2,slg_2,iso_2,babip_2,ld_pct_2,gb_pct_2,fb_pct_2,hrfb_pct,pull_pct_2,cent_pct_2,oppo_pct_2,soft_pct_2,med_pct_2,hard_pct_2,xw_oba,x_avg,x_slg,xbr,pptv,cptv,bptv,dsv,dgv,btv,r_pptv,r_bptv,ebv,esv,r_f_team_v,r_b_team_v,r_tv,b_review,b_overturned,b_correct_pct,w_b_review,p_review,p_overturned,c_review,c_overturned,c_correct_pct,w_c_review,as_c_review,as_c_overturned,as_c_correct_pct,w_as_c_review,pfx_fa_pct,pfx_fc_pct,pfx_fs_pct,pfx_si_pct,pfx_sl_pct,pfx_cu_pct,pfx_kc_pct,pfx_ep_pct,pfx_ch_pct,pfx_slo_pct,pfx_st_pct,pfx_cuo_pct,pfx_cv_pct,pfx_v_fa,pfx_v_fc,pfx_v_fs,pfx_v_si,pfx_v_sl,pfx_v_cu,pfx_v_kc,pfx_v_ep,pfx_v_ch,pfx_v_slo,pfx_v_st,pfx_v_cuo,pfx_v_cv,pfx_fa_x,pfx_fc_x,pfx_fs_x,pfx_si_x,pfx_sl_x,pfx_cu_x,pfx_kc_x,pfx_ep_x,pfx_ch_x,pfx_slo_x,pfx_st_x,pfx_cuo_x,pfx_cv_x,pfx_fa_z,pfx_fc_z,pfx_fs_z,pfx_si_z,pfx_sl_z,pfx_cu_z,pfx_kc_z,pfx_ep_z,pfx_ch_z,pfx_slo_z,pfx_st_z,pfx_cuo_z,pfx_cv_z,pfx_w_fa,pfx_w_fc,pfx_w_fs,pfx_w_si,pfx_w_sl,pfx_w_cu,pfx_w_kc,pfx_w_ep,pfx_w_ch,pfx_w_slo,pfx_w_st,pfx_w_cuo,pfx_w_cv,pfx_w_fa_c,pfx_w_fc_c,pfx_w_fs_c,pfx_w_si_c,pfx_w_sl_c,pfx_w_cu_c,pfx_w_kc_c,pfx_w_ep_c,pfx_w_ch_c,pfx_w_slo_c,pfx_w_st_c,pfx_w_cuo_c,pfx_w_cv_c,pfx_aa_fa,pfx_aa_fc,pfx_aa_fs,pfx_aa_si,pfx_aa_sl,pfx_aa_cu,pfx_aa_kc,pfx_aa_ep,pfx_aa_ch,pfx_aa_slo,pfx_aa_st,pfx_aa_cuo,pfx_aa_cv,pfx_sp_fa,pfx_sp_fc,pfx_sp_fs,pfx_sp_si,pfx_sp_sl,pfx_sp_cu,pfx_sp_kc,pfx_sp_ep,pfx_sp_ch,pfx_sp_slo,pfx_sp_st,pfx_sp_cuo,pfx_sp_cv,pfx_o_swing_pct,pfx_z_swing_pct,pfx_swing_pct,pfx_o_contact_pct,pfx_z_contact_pct,pfx_contact_pct,pfx_zone_pct,pfx_pace,avg_bat_speed,fast_swing_pct,swing_length,squared_up_contact_pct,squared_up_swing_pct,blast_contact_pct,blast_swing_pct,swords,competitive_swings,tilt,attack_angle,attack_direction,ideal_attack_angle_pct,depth_in_box,distance_off_plate,sc_h_swing_pct,sc_h_contact_pct,sc_h_zone_pct,sc_s_swing_pct,sc_s_contact_pct,sc_s_zone_pct,sc_c_swing_pct,sc_c_contact_pct,sc_c_zone_pct,sc_w_swing_pct,sc_w_contact_pct,sc_w_zone_pct,sc_si_swing_pct,sc_si_contact_pct,sc_si_zone_pct,sc_so_swing_pct,sc_so_contact_pct,sc_so_zone_pct,sc_o_swing_pct,sc_o_contact_pct,sc_o_zone_pct,sc_z_swing_pct,sc_z_contact_pct,sc_z_zone_pct,pi_ch_pct,pi_cu_pct,pi_fa_pct,pi_fc_pct,pi_fs_pct,pi_si_pct,pi_sl_pct,pi_v_ch,pi_v_cu,pi_v_fa,pi_v_fc,pi_v_fs,pi_v_si,pi_v_sl,pi_ch_x,pi_cu_x,pi_fa_x,pi_fc_x,pi_fs_x,pi_si_x,pi_sl_x,pi_ch_z,pi_cu_z,pi_fa_z,pi_fc_z,pi_fs_z,pi_si_z,pi_sl_z,pi_w_ch,pi_w_cu,pi_w_fa,pi_w_fc,pi_w_fs,pi_w_si,pi_w_sl,pi_w_ch_c,pi_w_cu_c,pi_w_fa_c,pi_w_fc_c,pi_w_fs_c,pi_w_si_c,pi_w_sl_c,pi_o_swing_pct,pi_z_swing_pct,pi_swing_pct,pi_o_contact_pct,pi_z_contact_pct,pi_contact_pct,pi_zone_pct,pi_pace,events,ev,la,barrels,barrel_pct,max_ev,hard_hit,hard_hit_pct,q,tg,tpa,position_db,position,team_name_abb,teamid,player_team_id,pos,ev90,pi_cs_pct,pi_v_cs,pi_cs_x,pi_cs_z,pi_w_cs,pi_w_cs_c,p_correct_pct,w_p_review,r_dgv,pfx_fo_pct,pfx_v_fo,pfx_fo_x,pfx_fo_z,pfx_w_fo,pfx_w_fo_c,pfx_aa_fo,pfx_sp_fo,pi_xx_pct,pi_v_xx,pi_xx_x,pi_xx_z,pi_w_xx,pi_w_xx_c,kn_pct,k_nv,w_kn,w_kn_c
LAD,185,451,512,134,90,19,0,25,83,82,50,3,109,5,6,0,13,5,0,0.2971,142,137,67,14,2036,763,1273,12,2,2,0.0977,0.2129,0.4587,0.3691,0.5055,0.8747,0.2084,0.3375,1.0365,0.1936,0.4104,0.396,0.1022,0.1825,0.0845,1,0.3594,0.388,28.8881,86.827,27.6834,7.2895,15.1115,-1.4043,-0.1257,0.42,5.8851,27.0961,47.9671,5.0474,5.0367,40.3796,-0.5873,3.7745,146.4179,-0.1241,2.501,-7.6623,10.1633,26.8932,2.7617,0.9065,1.9078,8,2.9842,-0.2252,0.4612,93.6461,0.2257,85.2549,0.0737,88.7533,0.0973,80.2222,0.1047,86.23,0.0374,84.6184,0.0069,7.2646,10.7754,2.7246,3.7116,0.9442,1.1568,0.7745,2.3476,1.8164,1.8746,0.4433,1.5221,0.3009,0.7044,0.4695,0.6573,0.8696,0.7904,0.4178,0.5918,0.0982,0.1547,0.2529,149,118,81,47,156,145,348,0.4282,0.3391,0.2328,0.1351,0.4483,0.4167,123.6176,102.6257,96.9779,116.2126,132.2563,146.8895,116.5797,102.644,93.3843,106.4772,179.1129,105.2226,96.9599,95.6366,83.0755,88.3662,126.2112,0.3784,0.2853,0.5073,-0.4632,1,0,1,0,0,0,0.041,-0.1592,1,1,0.041,-0.1592,-0.1182,7,4,0.5714,0.8278,0,0,7,4,0.5714,-0.7081,17,11,0.6471,1.1645,0.3196,0.088,0.0433,0.1357,0.203,0.0905,0.0157,0.0039,0.1003,0.1411,0.0619,0.089,0.0015,94.5562,88.4039,85.5966,92.6283,85.0872,79.956,84.2031,49.0375,85.9152,85.9742,83.0667,79.8657,85.4,-2.7984,-0.3949,-6.8212,-3.3294,1.1778,0.0475,1.3398,-2.387,0.7018,0.9601,1.6737,0.1654,-7.0647,9.2385,4.2546,1.2294,3.864,1.0448,-4.2834,-6.4264,10.0696,2.5834,1.2672,0.5382,-4.2924,-3.7387,-2.3129,1.6799,0.7171,9.5723,11.5507,1.5912,1.9907,-0.6274,1.3589,9.1324,2.4183,1.0636,0.5276,-0.3558,0.9385,0.8149,3.4682,2.7968,0.8648,6.2208,-7.8424,0.6661,3.182,1.9193,0.5876,17.5871,39.6976,40.2754,34.6539,24.4628,32.7191,40.8618,46.2791,61.7652,33.4988,31.9378,34.4986,40.9709,34.2828,2188.2508,2298.7207,1330.2955,1809.3949,2151.1574,2453.5326,2557,1349.375,1445.9951,1990.3972,2517.3333,2451.011,2605.6667,0.2702,0.6736,0.4695,0.6043,0.8656,0.7895,0.4941,19.42,71.3525,0.1945,7.3071,0.3553,0.282,0.148,0.1175,24,766,35.6143,10.3011,0.4594,0.5052,30.176,29.1145,0.7479,0.8867,0.2587,0.5503,0.7778,0.3934,0.2135,0.5408,0.2453,0.0365,0.1429,0.1026,0.5995,0.834,0.2202,0.4877,0.6899,0.1732,0.2657,0.6129,0.5162,0.687,0.86240000000000006,0.4838,0.1028,0.0782,0.3235,0.0855,0.0393,0.1382,0.2325,86.1722,80.6685,94.3049,88.9305,85.5893,92.8288,84.8276,0.5938,2.355,-2.379,-0.8513,-6.2941,-3.0615,1.0106,1.2217,-7.5486,8.3025,3.5681,-0.5472,2.8574,-0.427,1.0178,3.0982,-2.2765,5.1262,0.8159,9.9142,7.7686,0.487,1.9485,-0.346,2.9461,1.0199,3.5282,1.6424,0.2723,0.6727,0.4695,0.6192,0.8605,0.7895,0.4926,19.42,348,90.5104,14.4798,40,0.1149,114.6,156,0.4483,39.3846,13,512,OF,OF,LAD,22,22,0.0703,105.1,NA,NA,NA,NA,NA,NA,NA,NA,NA,NA,NA,NA,NA,NA,NA,NA,NA,NA,NA,NA,NA,NA,NA,NA,NA,NA,NA
HOU,207,481,566,130,78,35,0,17,85,79,71,6,107,9,4,1,10,9,4,0.2703,170,139,69,15,2232,864,1368,10,1,0,0.1254,0.189,0.6636,0.3717,0.4491,0.8207,0.1788,0.313,1.223,0.1825,0.4497,0.3677,0.1079,0.1223,0.0588,0,0.3445,0.3685,23.9989,88.0486,26.1928,-4.5428,16.7053,-1.7284,4.1465,-0.38,-6.2712,26.9855,41.5661,4.3739,4.2974,34.9911,0.7928,3.757,142.1187,-0.9879,1.269,-8.8188,10.0878,20.0784,2.2101,0.9128,0.5165,13,1.4782,-0.0881,0.4711,94.7393,0.2483,84.6625,0.095,89.1981,0.0699,80.5256,0.1053,85.5319,0.0103,88.087,0.0108,20.0907,4.123,1.0992,1.4638,-0.2427,-1.1629,1.9116,0.7442,0.5185,0.9383,-0.1033,-5.0559,0.3177,0.676,0.4605,0.6197,0.8619,0.7614,0.3987,0.5689,0.1098,0.1523,0.2621,166,131,82,60,185,134,379,0.438,0.3456,0.2164,0.1583,0.4881,0.3536,119.24,122.5345,78.0851,118.1366,124.7526,134.1257,110.2842,96.5848,108.4551,92.7822,129.9376,105.8703,98.1668,92.386,91.6225,96.796,109.4858,0.3526,0.264,0.4343,1.7807,1,0,0,0,0,0,0.0636,NA,1,0,0.0636,0,0.0636,12,6,0.5,0.8336,0,0,18,9,0.5,-1.5703,13,5,0.3846,0.4439,0.255,0.0955,0.0103,0.2143,0.2497,0.0466,0.0247,NA,0.104,0.1511,0.0986,0.0466,NA,94.5548,89.1629,88.013,94.8519,84.5873,77.7817,84.7727,NA,85.9659,85.7911,82.7432,77.7817,NA,-0.2127,0.0097,-4.6196,-5.4769,1.9325,0.5248,2.82,NA,0.235,0.5614,4.0327,0.5248,NA,9.0245,3.9747,0.9976,4.6738,-0.0873,-5.1291,-3.4938,NA,3.7737,-0.2487,0.1598,-5.1291,NA,11.012,0.636,-1.1629,7.8253,3.0964,3.4686,-0.6148,NA,-0.7396,1.6782,1.4182,3.4686,NA,1.9353,0.2986,-5.0559,1.6371,0.5559,3.3352,-1.1178,NA,-0.3188,0.498,0.6447,3.3352,NA,35.773,33.8308,34.2408,35.2343,32.4108,44.433,39.7278,NA,38.9407,35.193600000000004,28.1482,44.433,NA,2103.1705,2200.9155,1453.9565,2068.4268,2224.6284,2422.4231,2455.0182,NA,1780.1681,2292.8694,2120.0955,2422.4231,NA,0.293,0.6383,0.4603,0.5786,0.8493,0.7605,0.4845,19.2614,72.2731,0.2808,7.4848,0.3238,0.2405,0.1244,0.0924,20,844,32.9865,12.4007,-2.5843,0.4834,27.0826,28.9939,0.7036,0.8739,0.24,0.5302,0.7851,0.4161,0.2892,0.4306,0.2409,0.0516,0.2727,0.103,0.6119,0.847,0.2119,0.4455,0.6968,0.2042,0.293,0.5678,0.5415,0.6579,0.8618,0.4585,0.104,0.0825,0.2497,0.0919,0.0085,0.2178,0.2456,85.341,80.742,94.728,89.4223,88.3076,94.8425,84.7899,0.2479,2.4045,-0.1109,-0.2283,-5.0913,-5.2284,2.1594,1.9532,-5.6031,7.8625,3.3661,-0.5156,3.2626,-1.4262,0.2974,1.3903,11.3079,0.0912,-0.9737,6.9964,5.2512,0.1282,0.7556,2.0301,0.0445,-5.1246,1.4396,0.9582,0.2961,0.6366,0.4603,0.5848,0.8482,0.7605,0.4823,19.2614,379,88.1273,12.4775,33,0.0871,113.1,145,0.3826,40.4286,14,566,2B/OF,2B/OF,HOU,21,21,0.0758,104.6,NA,NA,NA,NA,NA,NA,NA,NA,NA,NA,NA,NA,NA,NA,NA,NA,NA,NA,NA,NA,NA,NA,NA,NA,NA,NA,NA
ATL,197,479,535,127,82,24,1,20,77,74,50,1,104,2,4,0,8,5,4,0.2651,163,147,68,21,2114,791,1323,8,1,1,0.0935,0.1944,0.4808,0.3346,0.4447,0.7793,0.1795,0.2981,1.1088,0.1799,0.43120000000000003,0.3889,0.1429,0.1361,0.0491,1,0.3252,0.3499,14.6653,75.207,12.8114,5.3976,15.7903,-1.7284,-0.1313,0.12,3.6692,11.5536,30.8818,3.2496,3.3124,25.9969,-1.2579,3.5944,120.5579,-1.6375,0.4781,-8.6247,9.1028,13.9575,1.414,0.9416,0.8096,10,0.7594,-0.2517,0.441,92.9968,0.1909,84.5682,0.1213,89.1484,0.0947,78.625,0.118,85.3896,0.0341,89.1667,0.0033,15.7419,1.9103,0.4647,-1.3821,1.2108,-0.8788,1.6909,0.474,0.1815,-0.691,0.4862,-1.2206,0.3333,0.6945,0.4789,0.6714,0.8511,0.7765,0.4031,0.5738,0.1069,0.1466,0.2535,155,140,84,62,181,136,379,0.409,0.3694,0.2216,0.1636,0.4776,0.3588,110.3113,98.2137,88.5515,105.3321,116.3328,126.5326,102.9647,95.3569,98.12,104.5774,133.5426,100.5065,105.6278,91.0665,100.6252,94.1412,108.6949,0.3349,0.2452,0.4491,0.3796,3,0,0,0,0,0,0.1883,NA,3,0,0.1883,0,0.1883,14,4,0.2857,1.5791,0,0,16,10,0.625,-1.2545,13,7,0.5385,1.0322,0.2932,0.1156,0.0303,0.1431,0.1829,0.0905,0.0171,0.0095,0.118,0.1274,0.0554,0.0791,0.0114,94.0872,89.2594,88.4906,94.1656,84.7373,78.1487,83.3917,39.31,85.3373,85.5517,82.865,77.5784,82.1167,-1.0163,0.5552,-5.1435,-6.6626,2.4049,3.7404,2.763,-1.0646,-1.1238,0.1867,7.5049,3.5432,5.1128,9.4016,4.9835,3.2571,5.1226,1.0165,-6.5856,-4.2755,8.634,3.8493,0.7428,1.6458,-7.0035,-3.6774,13.2471,-0.2058,-0.4568,-2.922,-0.1352,0.62,-1.3331,4.3718,1.2156,0.8879,-1.0231,0.7066,-0.0866,2.1401,-0.0844,-0.7138,-0.9676,-0.035,0.3246,-3.703,21.859,0.4882,0.3301,-0.8744,0.4231,-0.3606,37.0041,33.9737,39.0151,31.9159,35.1224,36.1973,40.2609,57.207,40.8641,38.8556,26.539,37.0153,30.5053,2064.9418,2111.7951,1371.7344,2080.4636,2336.6969,2262.089,2379.8889,897.5,1732.2289,2351.4944,2302.6752,2175.9102,2861.75,0.307,0.6618,0.4789,0.6228,0.8523,0.7765,0.4846,18.534,73.0883,0.3505,7.4902,0.3173,0.2368,0.1458,0.1089,16,836,33.0692,10.0529,-0.4229,0.5359,30.6431,26.8529,0.7426,0.851,0.2405,0.5505,0.7965,0.4202,0.2516,0.5126,0.2421,0.0842,0.1875,0.0972,0.5963,0.8016,0.2206,0.5,0.7897,0.1996,0.3107,0.6629,0.5381,0.67490000000000006,0.8374,0.4619,0.1312,0.1066,0.2989,0.1085,0.0171,0.1383,0.199,85.6109,79.1611,92.5259,89.5998,90.7845,94.3174,84.963,-1.3185,4.0399,-0.8218,0.5863,-7.044,-6.2488,2.8022,2.6833,-7.8292,8.3669,4.4433,-0.1742,4.1475,-0.1784,0.771,-0.7654,18.2297,0.6714,0.1192,-3.3068,-1.0369,0.2783,-0.3402,2.889,0.2932,0.3311,-1.1325,-0.2469,0.3076,0.6624,0.4794,0.6269,0.8523,0.7777,0.4841,18.534,379,88.8918,13.0371,39,0.1029,112.3,143,0.3773,38.2143,14,535,OF,OF,ATL,16,16,0.0812,105.5,5e-4,60.4884,-8.4367,-8.8292,0.0269,2.6918,NA,NA,NA,NA,NA,NA,NA,NA,NA,NA,NA,NA,NA,NA,NA,NA,NA,NA,NA,NA,NA
WSN,199,459,515,124,84,22,2,16,78,73,46,0,105,5,2,3,11,15,2,0.2702,171,119,65,6,1970,709,1261,11,4,1,0.0893,0.2039,0.4381,0.3418,0.4314,0.7732,0.1612,0.3176,1.437,0.1831,0.4817,0.3352,0.0504,0.1345,0.0643,0.25,0.3243,0.35,14.0242,72.3027,12.5267,-0.7228,15.2,-1.7284,-0.1264,0.46,-2.4512,12.8412,25.4637,2.6795,2.6564,21.4358,0.3146,6.002,120.8816,1.139,1.1209,-8.045,9.1659,17.5129,1.7921,0.9003,1.5576,16,1.2319,0.0132,0.4814,94.4249,0.2339,85.7783,0.0397,89.0769,0.0981,80.0466,0.0941,86.7027,0.0529,85.9038,0.0015,16.5759,-1.513,-1.4573,-1.2272,-1.5451,3.5909,1.7504,-0.3289,-1.8683,-0.6359,-0.8352,3.4528,0.3234,0.6679,0.4631,0.6296,0.8668,0.7684,0.4057,0.6718,0.1071,0.1766,0.2838,141,135,83,52,205,102,359,0.3928,0.376,0.2312,0.1448,0.571,0.2841,112.3986,93.8656,92.8749,107.6043,112.8524,113.621,109.7346,97.0555,109.6047,90.1428,131.9716,96.522,107.5298,94.9953,89.097,112.5641,86.0627,0.3426,0.2664,0.4392,-0.8244,3,0,0,0,0,0,0.0903,NA,3,0,0.0903,0,0.0903,8,3,0.375,0.4238,1,0,14,10,0.7143,-1.4714,11,4,0.3636,0.1898,0.293,0.053900000000000003,0.0549,0.1806,0.2258,0.0829,0.0193,0.0025,0.087,0.1709,0.0549,0.0778,0.0051,94.8792,89.5132,85.9398,94.4938,85.5944,79.3742,83.5368,36.94,86.3906,86.4161,83.038,79.0275,84.68,-1.3115,0.2819,-3.0412,0.6836,0.6277,3.0573,1.6836,-0.2438,-0.2762,0.0863,2.3122,3.1049,2.3303,9.5132,5.951,2.4196,5.0499,0.6578,-6.9373,-4.5332,8.1627,2.4662,0.7411,0.3984,-7.2841,-1.6317,12.8389,-1.8663,2.2293,2.552,-3.1436,-1.2354,-0.767,0.0444,-0.2072,-0.8507,-2.2929,-1.6553,0.4199,2.229,-1.7607,2.0642,0.7189,-0.708,-0.7579,-2.0184,0.8878,-0.1211,-0.2532,-2.123,-1.0819,4.1989,42.2037,30.8958,44.8394,30.336,38.2509,41.7305,44.6805,70.0499,33.4895,39.0193,35.8606,44.458,0,2246.7031,1985.2264,1095.1852,1753.2986,2317.6396,2307.411,2264.4474,921.8,1720.0351,2259.3393,2499.0185,2458.2222,0,0.3034,0.6366,0.4629,0.5916,0.8598,0.7681,0.4786,18.8972,71.6445,0.2307,7.3128,0.3222,0.244,0.1373,0.104,15,750,33.271,8.9973,0.5844,0.5,29.7105,28.4249,0.6876,0.8758,0.2445,0.5478,0.7862,0.4082,0.2901,0.4553,0.233,0.0577,0.25,0.1143,0.5864,0.8348,0.2099,0.5069,0.7268,0.1984,0.3148,0.603,0.5412,0.6375,0.8643,0.4588,0.0931,0.1048,0.2691,0.0804,0.0519,0.1806,0.2202,85.3271,80.6301,95.1927,91.6172,86.2001,94.757,85.9433,-0.7195,3.0367,-1.2873000000000001,0.5949,-2.0599,0.737,0.8582,1.2618,-7.9491,8.4469,5.7226,0.6573,3.7524,-0.5752,-2.0916,-3.0943,13.4074,-2.5325,3.968,2.6946,-2.083,-1.1429,-1.5021,2.5345,-1.6028,3.8902,0.759,-0.4811,0.3016,0.6329,0.4613,0.5765,0.87,0.7707,0.4822,18.8972,359,88.4315,9.3324,27,0.0752,116.3,140,0.39,39.6154,13,515,P,P,WSN,24,24,0.0838,104.6,NA,NA,NA,NA,NA,NA,0,NA,NA,NA,NA,NA,NA,NA,NA,NA,NA,NA,NA,NA,NA,NA,NA,NA,NA,NA,NA
MIL,190,430,507,105,69,23,2,11,73,70,67,4,115,2,0,6,6,24,4,0.2442,165,99,48,12,2110,813,1297,13,9,2,0.1321,0.2268,0.5826,0.3487,0.3837,0.7324,0.1395,0.3092,1.6667,0.1538,0.5288,0.3173,0.1212,0.1111,0.0788,0.2222,0.3807,0.3352,8.2008,65.574,7.1492000000000004,-0.3506,14.9639,-1.6204,-0.1244,-0.09,-1.971,10.3867,23.2552,2.4471,2.289,19.5766,3.2375,6.3143,112.1056,2.1546,1.3142,-8.1608,9.475,15.5147,1.6232,0.9577,1.7932,11,0.6175,0.7547,0.4822,94.0669,0.184,85.0541,0.1219,88.9183,0.0811,79.8655,0.119,85.1275,0.0119,86.48,0.0071,9.0237,2.7899,-3.2733,1.9627,-0.0902,1.2742,0.8873,0.7191,-1.2737,1.1478,-0.0359,5.0966,0.2953,0.642,0.4376,0.6104,0.8939,0.7811,0.4106,0.574,0.0957,0.1739,0.2697,116,116,89,60,162,99,323,0.3614,0.3614,0.2773,0.1869,0.5047,0.3084,101.5951,138.8746,103.3252,109.7767,100.3861,98.3382,106.8201,81.5496,120.3347,85.3282,109.0598,88.8086,103.3338,113.9209,114.9742,99.4834,93.4199,0.3205,0.2335,0.3771,1.0829,1,0,0,0,0,0,0.0972,NA,1,0,0.0972,0,0.0972,7,1,0.1429,0.2727,0,0,16,10,0.625,-1.8583,18,12,0.6667,1.0226,0.3011,0.1223,0.0014,0.1826,0.1754,0.0759,0.0123,NA,0.129,0.1081,0.0673,0.0678,0.0081,94.0625,88.812,86.8333,93.9291,85.1778,80.3781,77.0885,NA,85.1824,86.4338,83.1613,80.107,82.6588,-1.3712,0.0821,-5.1182,-1.9527,0.0389,3.6812,3.8506,NA,-2.5956,0.6464,-0.9365,4.8629,-6.2595,9.5083,4.0433,3.0293,5.5981,0.8171,-6.0131,-6.6306,NA,1.8824,1.2431,0.133,-6.3904,-2.8398,3.4671,-4.1819,1.5608,5.5147,1.0412,0.7076,1.3068,NA,-0.9962,4.1587,-3.1175,0.6599,0.0477,0.546,-1.6209,52.0256,1.4324,0.2814,0.4422,5.026,NA,-0.3663,1.824,-2.1954,0.4615,0.2805,37.3941,35.7577,30.0596,36.0344,37.943,37.519,39.5118,NA,38.6893,41.1669,32.7666,39.9787,16.8291,2107.9386,2139.8992,972,2109.4,2342.3378,2289.1125,2538.9231,NA,1623.75,2273.3684,2453.0775,2344.6643,1821.8235,0.2808,0.6008,0.4381,0.5714,0.8828,0.7814,0.4917,18.9037,71.4698,0.262,7.2119,0.3024,0.234,0.1254,0.0971,19,752,31.3786,8.1216,-1.8519,0.5,27.8095,28.5478,0.6798,0.893,0.2463,0.4963,0.7866,0.4158,0.2301,0.4953,0.2381,0.1026,0.15,0.0998,0.555,0.8565,0.2186,0.43120000000000003,0.6867,0.1971,0.2723,0.5869,0.5311,0.6259,0.8772,0.4689,0.1247,0.0863,0.3016,0.1133,0.0057,0.1821,0.1863,85.3657,80.9329,94.3266,89.2375,88.14,94.3194,85.2029,-2.6583,4.4006,-0.9785,0.2323,4.6696,-1.8538,0.3948,0.2352,-7.434,8.326,2.9184,2.475,4.2839,-0.7841,-0.9487,0.8478,3.383,-3.5332,1.5132,5.0833,1.4499,-0.3607,0.4658,0.5319,-1.4783,12.6104,1.3238,0.3689,0.2779,0.6004,0.4386,0.5884,0.87,0.7805,0.4983,18.9037,323,88.869,8.3032,22,0.0681,112.6,122,0.3777,39,13,507,C,C,MIL,23,23,0.0765,105.6,NA,NA,NA,NA,NA,NA,NA,NA,NA,NA,NA,NA,NA,NA,NA,NA,NA,NA,NA,NA,NA,NA,NA,NA,NA,NA,NA
MIA,204,460,522,118,76,26,6,10,67,65,46,1,104,10,4,2,4,18,3,0.2565,155,138,66,8,2029,781,1248,18,3,1,0.0881,0.1992,0.4423,0.3346,0.4043,0.739,0.1478,0.3086,1.1232,0.1838,0.4318,0.3844,0.058,0.0725,0.1161,0.3333,0.3065,0.335,8.3117,67.3822,5.9873,-0.1317,15.4066,-1.7284,-0.1281,0.08,-1.8601,9.7191,23.1375,2.4347,2.3081,19.4776,3.7318,6.974,109.8468,1.3745,0.6019,-9.0604,9.6623,4.9588,0.4976,0.9632,1.5094,18,0.6183,0.0066,0.4798,93.5916,0.1979,83.7756,0.0819,90.0783,0.079,80.3125,0.1313,86.4511,0.0301,86.3934,0.003,0.9571,10.4893,-5.0458,0.0241,5.3094,-0.287,0.0985,2.6158,-3.0396,0.0151,1.996,-0.4704,0.2899,0.6204,0.4274,0.656,0.8719,0.7864,0.4161,0.5498,0.0912,0.1863,0.2775,153,138,71,58,186,118,362,0.4227,0.3812,0.1961,0.1602,0.5138,0.326,106.7274,92.6069,90.7568,105.3434,105.7824,104.1815,106.5993,97.4506,98.2424,103.3706,71.126,103.8687,109.0084,80.5876,98.5539,101.285,98.7376,0.3241,0.2511,0.4001,2.3573,3,0,0,0,0,0,0.3442,NA,3,0,0.3442,0,0.3442,10,4,0.4,0.664,1,0,11,5,0.4545,-0.6998,28,18,0.6429,1.5371,0.2734,0.0948,0.0222,0.1979,0.1767,0.0795,0.0138,NA,0.1417,0.0908,0.0859,0.0681,0.0114,93.9803,90.3604,85.3711,92.8324,83.7408,80.1006,82.075,NA,86.6718,85.6413,81.731,79.7616,82.1348,-1.2375,-0.0294,-4.985,-2.6229,1.4244,-1.9156,1.3999,NA,-0.896,2.352,0.4435,-1.1681,-6.4005,9.9039,5.575,1.8506,4.4395,0.8932,-4.6486,-4.3865,NA,2.9596,0.9446,0.8388,-5.0976,-1.9542,1.0219,-4.3829,-0.1848,-3.3987,7.55,0.1576,0.4093,NA,5.7736,6.638,0.912,-0.477,0.6346,0.1845,-2.2828,-0.4107,-0.8476,2.1089,0.0979,1.4616,NA,2.0117,3.6076,0.5242,-0.3456,2.759,33.0913,34.162,39.7378,25.0684,26.4498,39.6485,20.195,NA,31.5005,25.7001,27.2425,42.0113,25.4714,2197.0217,2245.2344,1176.5333,2097.1496,2405.5754,2617.9255,1627.3571,NA,1751.8502,2265.1793,2554.0402,2618.3478,2615.3913,0.2651,0.5892,0.4274,0.597,0.8696,0.7852,0.501,19.0574,71.8781,0.2407,7.1396,0.3803,0.2988,0.1496,0.1176,18,723,30.1019,9.7514,0.959,0.5173,26.5067,27.9359,0.6694,0.9012,0.2531,0.4878,0.7947,0.4074,0.2162,0.4747,0.2395,0.0838,0,0.0999,0.5398,0.8214,0.2171,0.4286,0.7564,0.1904,0.2679,0.6092,0.5232,0.6025,0.8711,0.4768,0.1382,0.0819,0.2794,0.0953,0.0207,0.2019,0.1826,86.4848,80.2107,94.0726,89.8618,85.3372,92.8341,83.4368,-0.5504,0.7783,-1.0376,0.4558,-4.8053,-2.4419,0.8437,1.1833,-6.8138,8.43,3.9283,-0.2556,2.9682,-0.9978,4.7437,-0.3556,1.597,-2.3183,-0.23,-2.373,5.8631,1.6942,-0.2142,0.2822,-1.2012,-0.5477,-0.5802,1.5846,0.2601,0.5961,0.4284,0.597,0.8628,0.7823,0.501,19.0574,362,89.0499,12.3593,29,0.0801,114.4,144,0.3978,37.2857,14,522,P,P,MIA,20,20,0.0773,103.9,NA,NA,NA,NA,NA,NA,0,NA,NA,NA,NA,NA,NA,NA,NA,NA,NA,NA,NA,NA,NA,NA,NA,NA,NA,NA,NA
TOR,211,445,499,107,73,21,1,12,51,49,47,3,90,4,2,1,6,7,1,0.2404,153,127,75,19,1897,665,1232,7,3,2,0.0942,0.1804,0.5222,0.3173,0.373,0.6903,0.1326,0.2754,1.2047,0.2113,0.431,0.3577,0.1496,0.0945,0.0458,0.6667,0.2986,0.3141,0.1098,56.5777,2.0599,4.1586,14.7278,-1.5123,3.6557,0.68,2.6463,1.5271,22.5569,2.3736,2.3137,18.9888,-0.5328,3.9485,103.7572,0.046,-0.2142,-10.6173,10.4032,-7.6525,-0.7861,1.2226,1.6764,11,-0.7495,0.5744,0.4728,94.5435,0.2586,85.1388,0.0792,90.8467,0.0871,79.8788,0.0591,86.8214,0.0433,88.378,0.0074,0.2656,-2.8805,5.1442,-3.1623,0.8613,1.4761,0.0296,-0.5879,3.4295,-1.9165,0.769,1.8001,0.3551,0.699,0.4992,0.6905,0.8883,0.8066,0.419,0.6032,0.0965,0.1476,0.2441,150,127,81,66,184,108,358,0.419,0.3547,0.2263,0.1844,0.514,0.3017,106.0834,92.0055,74.4977,100.842,103.6308,99.4605,97.0167,111.7852,103.9336,90.2645,100.38720000000001,101.2776,100.7519,96.6125,106.6967,101.9201,93.4186,0.3184,0.2561,0.3832,-0.5788,1,0,1,0,0,0,0.1692,-0.0422,1,1,0.1692,-0.0422,0.127,16,7,0.4375,1.4675,1,1,17,7,0.4118,-1.4623,10,5,0.5,0.8638,0.3145,0.0792,0.0475,0.1499,0.2454,0.0707,0.0243,0.009,0.0596,0.1446,0.1008,0.066,0.0047,95.4691,90.9967,88.0278,94.925,85.1695,78.9291,82.4391,53.9412,86.792,86.7405,82.9157,78.6912,82.2333,-1.5056,0.3422,-6.4107,-5.2056,1.5036,3.0676,-0.0899,-2.7073,-2.0155,1.361,1.7081,3.948,-9.1614,9.47,5.0381,2.5697,5.1949,0.8636,-6.1898,-5.1679,8.1329,3.3008,1.3555,0.158,-6.4469,-2.6202,5.2672,4.5404,1.4758,-7.641,-2.3146,-3.8169,-0.2633,1.0957,0.8334,0.1077,-2.4224,-3.7134,-0.1035,0.8838,3.0269,1.6397,-2.6905,-0.4978,-2.8484,-0.5723,6.4456,0.7376,0.0393,-1.2682,-2.9707,-1.1504,37.3302,36.6902,30.7941,31.3488,32.7631,38.7067,37.4671,38.8737,36.4071,33.5942,31.5708,39.9082,22.0197,2202.4329,2231.9333,1185.3778,2055.162,2190.5677,2582.8657,2378.6087,1446.2353,1652.8938,2101.208,2318.7592,2569.808,2764.2222,0.3151,0.685,0.4992,0.6467,0.8793,0.8055,0.4976,19.9051,71.2114,0.2507,7.2081,0.2938,0.2317,0.1117,0.0881,11,738,30.1188,8.2516,-2.7387,0.5163,26.7632,28.3778,0.7252,0.879,0.2476,0.5772,0.8313,0.4111,0.303,0.5854,0.2321,0.089,0.1765,0.1092,0.6202,0.8837,0.2379,0.5182,0.7452,0.1732,0.3217,0.6486,0.5135,0.6866,0.8831,0.4865,0.0607,0.0876,0.3256,0.0945,0.0438,0.1472,0.2406,86.7157,79.5213,94.1635,90.5159,88.0844,94.8727,84.6932,-1.8156,4.1799,-1.1436,0.5976,-6.3705,-4.952,1.5307,1.6707,-8.322,8.2249,3.5311,0.9347,3.7555,-0.9805,0.8151,-3.6542,6.6691,3.4035,1.081,-7.672,-1.4528,0.7088,-2.2013,1.0809,1.9014,1.3024,-2.7498,-0.3186,0.3217,0.6769,0.4992,0.6525,0.8783,0.8055,0.4997,19.9051,358,88.2155,13.0141,19,0.0531,115.7,137,0.3827,38.3846,13,499,P,P,TOR,14,14,0.0645,104.7,NA,NA,NA,NA,NA,NA,1,-0.1199,NA,NA,NA,NA,NA,NA,NA,NA,NA,NA,NA,NA,NA,NA,NA,NA,NA,NA,NA
STL,199,429,507,98,68,17,0,13,62,61,59,5,108,8,6,5,10,9,2,0.2284,146,118,58,10,1979,742,1237,10,10,2,0.1164,0.213,0.5463,0.3287,0.359,0.6877,0.1305,0.2707,1.2373,0.1801,0.4534,0.3665,0.0847,0.1102,0.0685,0.2,0.355,0.3144,-0.069,57.3042,-0.3187,8.5347,14.9639,-1.5123,-0.1244,-0.15,7.0223,0.1426,22.0044,2.3155,2.0868,18.5237,0.4612,3.9625,99.4604,-0.0214,0.7298,-10.0455,10.7752,2.9519,0.3022,1.1978,1.4803,10,0.0678,0.5414,0.4483,94.0125,0.2087,83.7317,0.1008,88.4495,0.0774,80.4342,0.1338,85.9582,0.031,85.4754,0.0167,3.1863,-1.1797,0.7675,0.6861,-2.0994,-0.0204,0.3617,-0.2877,0.3876,0.4514,-0.7983,-0.0334,0.3054,0.6876,0.4593,0.6094,0.8631,0.7624,0.4027,0.5838,0.1091,0.1617,0.2708,137,115,80,52,172,108,332,0.4127,0.3464,0.241,0.1566,0.5181,0.3253,95.0431,122.2925,97.0358,103.4765,93.9121,91.9963,93.5165,95.4788,103.1712,98.5459,108.1356,101.4108,99.0488,99.008,96.3429,102.1247,98.536,0.3292,0.2358,0.4097,0.4827,0,0,0,0,1,0,NA,NA,0,0,0.1613,0,0.1613,8,4,0.5,0.6519,1,1,15,8,0.5333,-1.0786,12,6,0.5,0.7137,0.2698,0.0894,0.0177,0.1834,0.2127,0.0622,0.0207,NA,0.1364,0.1071,0.1056,0.0576,0.0045,94.1285,88.7045,85.4429,93.6642,83.8043,80.3659,81.3024,NA,85.9222,85.742,81.8388,79.9965,85.0444,-2.9878,0.253,-6.1639,0.7502,1.7658,-2.7999,4.9143,NA,-2.6718,1.2588,2.28,-2.5314,-6.2013,9.2279,3.8121,1.626,4.6786,0.4183,-5.7635,-6.4256,NA,1.2264,1.282,-0.4579,-6.0313,-2.3713,4.7624,-0.7386,-0.2887,-1.4892,-2.8965,-1.2298,1.7219,NA,-1.6895,-0.8347,-2.0619,-1.3099,0.0801,0.8918,-0.4173,-0.825,-0.4103,-0.688,-0.9998,4.1997,NA,-0.6258,-0.3937,-0.9865,-1.149,0.89,33.9478,39.4019,38.4099,30.336,30.9764,37.2724,33.7097,NA,30.5974,36.053,25.8269,37.4035,35.612,2135.9813,2269,1334.6571,1975.7383,2238.8694,2455.6179,2399.2683,NA,1640.8407,2267.6745,2209.6507,2442.8509,2617.3333,0.2874,0.6423,0.4588,0.5816,0.8485,0.7621,0.4831,18.9666,72.5595,0.2721,7.5188,0.3193,0.2381,0.1387,0.1034,16,735,32.1123,10.9032,-2.0616,0.5361,28.8254,26.4453,0.6995,0.8557,0.2398,0.5432,0.7702,0.4142,0.2608,0.5505,0.2299,0.0806,0.1176,0.1161,0.6379,0.8278,0.2354,0.4185,0.6544,0.1788,0.2763,0.5813,0.5285,0.6635,0.8465,0.4715,0.141,0.0738,0.2703,0.0642,0.0152,0.1885,0.2471,86.1239,80.9464,94.5674,89.0526,84.6094,94.09,84.6222,-2.818,0.05,-2.6873,0.2464,-6.3051,0.1662,1.375,0.1259,-7.9151,8.339,3.4978,-0.6549,3.5322,-0.5555,-2.1865,-0.9336,4.8034,0.8658,-0.408,-1.5921,-2.8369,-0.7837,-0.6394,0.8978,0.6817,-1.3599,-0.4268,-0.5801,0.2878,0.6426,0.4588,0.5797,0.8499,0.7621,0.4821,18.9666,332,89.1614,12.3614,26,0.0783,115.2,135,0.4066,39,13,507,P,P,STL,28,28,0.0697,104.4,NA,NA,NA,NA,NA,NA,1,-0.1146,0.1613,0.0076,84.0667,-6.5315,0.9623,-0.4396,-2.931,46.973,1140.6,NA,NA,NA,NA,NA,NA,NA,NA,NA,NA
BAL,192,427,490,103,67,27,0,9,48,47,52,1,122,5,4,2,9,4,4,0.2412,132,115,62,10,1945,716,1229,9,2,0,0.1061,0.249,0.4262,0.3279,0.3677,0.6956,0.1265,0.3133,1.1478,0.2006,0.4272,0.3722,0.087,0.0783,0.0682,0,0.3735,0.3192,1.9011,57.3504,4.281,-0.563,14.4622,-1.4043,3.5898,0.37,-1.9673,3.0917,19.1763,2.0179,1.9255,16.143,-1.1893,2.3217,107.9517,-1.7583,-0.5796,-8.3076,7.7279,-8.4601,-0.8497,0.9805,1.04,10,-0.6732,0.082,0.438,94.6737,0.2031,85.1772,0.0627,89.5492,0.1208,81.0681,0.1013,87.5178,0.074,87.9167,0.0021,0.8867,2.4304,2.0374,-5.8001,0.9847,-0.7376,0.1041,0.6153,1.67,-2.4681,0.4998,-0.5122,0.3153,0.6507,0.456,0.5899,0.8418,0.7407,0.4195,0.6245,0.1183,0.1748,0.2931,122,125,64,41,165,105,311,0.3923,0.4019,0.2058,0.1318,0.5305,0.3376,106.4224,103.663,102.8406,104.211,102.1439,94.8691,110.3948,106.1658,103.0168,93.9033,83.1468,94.8211,114.1516,87.8721,76.298,105.2079,104.5493,0.3112,0.2389,0.3662,0.569,0,0,0,0,0,0,NA,NA,0,0,0,0,0,13,6,0.4615,0.8287,0,0,10,6,0.6,-1.6344,8,5,0.625,0.6725,0.2761,0.0617,0.0694,0.1614,0.1979,0.1085,0.0185,NA,0.1064,0.1172,0.0807,0.1018,0.0067,95.0827,89.4725,87.7615,93.8793,85.3,81.337,78.9444,NA,87.5116,87.4925,82.1159,81.3561,81.0462,-3.0188,0.831,-7.3016,-4.6395,2.5255,3.2325,4.6832,NA,-5.3358,1.1059,4.587,4.1252,-10.365,9.5396,4.1093,1.3506,4.292,1.6498,-5.6997,-7.1473,NA,1.8476,2.1004,0.9956,-5.8667,-3.1571,-3.0712,2.1729,-0.7477,3.5785,1.3512,-3.3228,-2.0821,NA,0.825,-1.8162,3.1674,-3.7377,0.415,-0.5719,1.8108,-0.5539,1.1397,0.351,-1.5748,-5.7836,NA,0.3986,-0.7966,2.0175,-1.8877,3.1922,36.655,34.646,37.4015,24.4696,32.4888,36.9468,38.4107,NA,32.7649,35.6985,27.8274,38.0183,20.6264,2281.1527,1995.4667,1528.2222,1781.5478,2407.5974,2085.7725,2526.25,NA,1620.1353,2409.9605,2404.1656,2043.5404,2729,0.2815,0.6373,0.456,0.5412,0.8322,0.7407,0.4905,18.7906,72.6456,0.2911,7.3715,0.3297,0.2412,0.1436,0.1051,14,742,33.5987,11.2145,1.2841,0.5296,29.169,26.7339,0.7045,0.8663,0.2586,0.5372,0.7311,0.3948,0.2453,0.4667,0.237,0.0657,0.0769,0.1096,0.5771,0.7888,0.2226,0.4855,0.6424,0.1722,0.2857,0.5517,0.5219,0.6419,0.8325,0.4781,0.1157,0.1213,0.2797,0.0674,0.0596,0.1589,0.1974,87.6724,81.1563,95.1976,89.7692,87.8,93.9592,85.0502,-5.475,4.6524,-2.8589,1.0793,-6.8078,-4.5336,2.565,0.4183,-7.6112,8.5623,3.094,0.1137,3.1623,0.1557,0.3524,-6.0736,-1.887,2.5007,-0.3108,2.077,2.0453,0.1566,-2.5736,-0.3469,1.9089,-0.268,0.6722,0.5326,0.2787,0.6372,0.456,0.5365,0.8336,0.7418,0.4946,18.7906,311,89.2101,14.3592,16,0.0514,111,128,0.4116,37.6923,13,490,P,P,BAL,2,2,0.0688,104.4,NA,NA,NA,NA,NA,NA,NA,NA,NA,NA,NA,NA,NA,NA,NA,NA,NA,NA,NA,NA,NA,NA,NA,NA,NA,NA,NA
TBR,190,451,509,115,84,17,2,12,60,56,44,0,91,9,3,2,8,13,4,0.255,144,148,66,29,1937,730,1207,15,7,3,0.0864,0.1788,0.4835,0.3314,0.3814,0.7127,0.1264,0.2934,0.973,0.1844,0.4022,0.4134,0.1959,0.0811,0.1042,0.4286,0.2888,0.3267,4.6946,62.2941,5.8301,-6.695,15.023,-1.5123,3.7289,0.35,-8.2074,6.7544,17.2989,1.8203,1.9428,14.5625,0.9243,4.8558,110.4247,-0.0691,0.1946,-8.4396,8.6341,0.6277,0.085,0.9126,1.3688,18,0.5375,-0.3243,0.5018,93.7541,0.1972,84.0602,0.0609,88.2203,0.079,81.8301,0.1193,86.303,0.0418,86.1852,NA,1.7937,0.615,1.6799,3.1402,-2.8038,0.3432,0.1845,0.161,1.4237,2.0524,-1.2138,0.4237,0.3207,0.6487,0.4528,0.7305,0.8854,0.8198,0.4027,0.5756,0.0816,0.1668,0.2483,125,128,112,75,175,115,365,0.3425,0.3507,0.3068,0.2055,0.4795,0.3151,112.4981,84.4406,73.8455,105.321,105.948,94.8106,103.3885,97.5467,97.0001,104.3086,86.143,82.7794,99.5978,131.0257,118.9209,95.0758,97.5657,0.3127,0.246,0.3801,0.9935,0,0,0,0,0,0,NA,NA,0,0,0,0,0,13,8,0.6154,0.8981,0,0,9,5,0.5556,-1.4961,16,8,0.5,0.7658,0.3123,0.0785,0.0418,0.1807,0.1951,0.0676,0.0134,NA,0.1105,0.1146,0.0805,0.0563,0.0114,94.0514,88.5513,86.1519,93.5569,84.1413,80.3435,87.5,NA,85.5336,86.4473,80.8596,79.8936,82.5727,-2.4834,1.1969,-8.497,-1.8655,1.8475,2.7585,0.7971,NA,-3.9611,0.6386,3.5678,4.3303,-5.0291,9.4526,4.6311,2.5596,4.2946,1.6002,-5.5824,-1.4149,NA,2.1468,2.1882,0.7635,-6.5452,-0.8118,-5.8623,1.5698,0.2095,5.9108,1.5886,1.7277,-1.0657,NA,-3.0624,0.3432,1.2454,2.337,-0.6093,-0.969,1.0328,0.2586,1.6888,0.4203,1.3188,-4.0988,NA,-1.431,0.1546,0.7983,2.1441,-2.7697,33.0942,30.7142,42.4432,29.5839,28.1761,36.6689,48.8433,NA,29.7238,32.4665,22.0707,38.0904,29.6264,2115.2479,2171.2697,1330.4074,1968.7286,2232.1058,2543.8626,2491.7308,NA,1569.0935,2176.3333,2311.4744,2613.1284,2200.6818,0.2917,0.6276,0.4528,0.6871,0.8868,0.8198,0.4796,18.6528,71.9917,0.2636,7.3465,0.3219,0.2622,0.1216,0.099,12,717,28.4501,7.0191,0.1262,0.4812,28.7696,28.3167,0.6688,0.9186,0.2583,0.5576,0.7859,0.4007,0.2435,0.6214,0.238,0.0328,0.6667,0.103,0.61,0.8219,0.202,0.5042,0.7416,0.1986,0.2949,0.7068,0.5374,0.6362,0.8807,0.4626,0.1141,0.0795,0.3067,0.0976,0.0392,0.1766,0.1864,86.3482,82.0682,94.5834,89.8641,86.1663,93.9878,84.1001,-4.2532,2.3985,-2.1589,1.3039,-5.8432,-1.625,2.4954,0.5158,-6.5538,8.2464,3.715,1.1871,3.0227,-0.1447,-2.6855,0.6702,-3.6339,-2.1206,0.5416,6.3861,2.1812,-1.2152,0.4352,-0.6118,-1.122,0.7126,1.8673,0.6042,0.2907,0.6235,0.4528,0.6851,0.8844,0.8187,0.4868,18.6528,365,87.912,14.9134,18,0.0493,116.9,121,0.3315,39.1538,13,509,3B,3B,TBR,12,12,0.0741,104.2,NA,NA,NA,NA,NA,NA,NA,NA,NA,NA,NA,NA,NA,NA,NA,NA,NA,NA,NA,NA,NA,NA,NA,NA,NA,NA,NA
CLE,204,446,508,98,59,26,0,13,51,48,50,0,111,8,1,3,11,7,2,0.2197,118,147,68,15,2124,790,1334,2,6,2,0.0984,0.2185,0.4505,0.3089,0.3655,0.6744,0.1457,0.2632,0.8027,0.2042,0.3544,0.4414,0.102,0.0884,0.0169,0.3333,0.3425,0.3108,-1.1946,56.2917,1.1238,0.9662,14.9934,-1.7284,3.7216,-0.01,-0.7622,-0.7416,17.2113,1.8111,2.0204,14.4888,-1.8654,3.3561,102.0134,-0.3185,-0.3039,-9.3185,9.0146,-7.3576,-0.7933,1.0106,1.7339,13,-0.3899,0.0892,0.4755,94.397,0.1982,84.7031,0.0725,89.5065,0.0749,81.1006,0.121,86.4086,0.0579,86.2764,NA,-3.5289,0.259,-0.9773,3.6632,-3.6889,-1.1087,-0.3494,0.0615,-0.6346,2.3039,-1.4354,-0.9013,0.3134,0.671,0.4572,0.6256,0.8778,0.7745,0.4021,0.6181,0.1031,0.1704,0.2735,142,122,75,64,168,107,339,0.4189,0.3599,0.2212,0.1888,0.4956,0.3156,96.9427,96.1442,90.2527,98.1854,101.5298,109.3295,92.7168,108.0479,85.4536,111.3819,93.9565,101.2498,102.2098,94.4698,109.2623,98.273,97.7409,0.3276,0.2457,0.4047,-1.5469,0,0,0,0,0,0,NA,NA,0,0,0,0,0,17,6,0.3529,1.1798,1,0,16,9,0.5625,-1.2467,11,5,0.4545,0.836,0.3663,0.0716,0.0584,0.105,0.2024,0.0584,0.016,NA,0.1219,0.1398,0.0626,0.0584,NA,94.7414,89.5487,86.175,93.9345,84.3228,79.9153,84.9088,NA,86.444,85.5684,81.5414,79.9153,NA,-2.9772,0.3069,-2.892,-5.9048,1.9966,2.6938,2.4864,NA,-6.067,0.467,5.4126,2.6938,NA,9.3396,5.8639,1.3898,4.469,0.5113,-6.1833,-4.8034,NA,3.1222,0.5653,0.3909,-6.1833,NA,-3.4433,-0.4795,-0.616,-0.9808,-0.8034,3.9056,-0.3438,NA,-3.6565,1.0252,-1.8286,3.9056,NA,-0.4426,-0.3154,-0.4968,-0.4398,-0.1868,3.1497,-1.0112,NA,-1.4118,0.3452,-1.3749,3.1497,NA,34.0004,34.8375,40.5851,28.2747,30.7901,46.3972,40.1798,NA,31.727,33.2208,25.3624,46.3972,NA,2155.2468,2116.625,1115.3468,2096.1704,2091.9953,2367.0161,2293.3824,NA,1563.61,1911.2155,2495.6917,2367.0161,NA,0.294,0.6321,0.4567,0.5802,0.8684,0.7722,0.4812,18.6041,70.3209,0.1577,7.2606,0.2924,0.2256,0.1246,0.0962,22,780,32.0494,10.6732,2.0503,0.5474,28.1859,26.5667,0.6905,0.9024,0.2403,0.5246,0.7656,0.432,0.2556,0.4609,0.2276,0.0606,0.25,0.1002,0.6099,0.8162,0.2256,0.4314,0.6875,0.2064,0.2848,0.582,0.5339,0.6535,0.8671,0.4661,0.1266,0.0838,0.3625,0.072,0.0523,0.105,0.1963,86.6303,81.6698,94.7174,90.5954,86.3709,94.2066,84.9885,-5.7201,3.4524,-2.6521,0.7019,-2.1998,-5.6703,2.1751,1.1135,-7.2122,8.1533,5.1007,0.17,3.0722,-0.9137,-3.466,4.1813,-3.6372,0.4589,-1.3913,-0.7431,-1.494,-1.2885,2.3491,-0.4724,0.2999,-1.2534,-0.3332,-0.3583,0.2937,0.6313,0.4573,0.567,0.8706,0.7701,0.4847,18.6041,339,88.8495,17.1446,30,0.0885,112.3,126,0.3717,36.2857,14,508,P,P,CLE,5,5,0.0788,104.3,NA,NA,NA,NA,NA,NA,0,NA,NA,NA,NA,NA,NA,NA,NA,NA,NA,0.0014,87.8395,0,0,-0.3263,-10.8765,NA,NA,NA,NA
TEX,198,437,477,103,69,17,3,14,51,48,35,2,121,2,3,0,9,7,1,0.2357,132,126,60,15,1865,660,1205,8,1,0,0.0734,0.2537,0.2893,0.2935,0.3844,0.6779,0.1487,0.2918,1.0476,0.1887,0.4151,0.3962,0.119,0.1111,0.0606,0,0.3564,0.3052,-3.1465,50.8318,-0.8507,1.5102,14.0785,-2.0525,3.4945,0.01,-0.5423,-0.0732,16.9575,1.7844,1.7719,14.2752,0.7775,4.9397,98.3769,0.1805,-0.2768,-8.2573,7.9805,-6.2705,-0.6686,0.9884,0.9841,14,-1.1373,0.8572,0.4962,94.5254,0.2538,85.482,0.0472,90.2273,0.0858,79.5812,0.096,86.162,0.0209,82.6923,0.0043,-5.4466,-4.5105,4.078,0.1573,-1.6077,0.9261,-0.5888,-0.9536,4.6341,0.0983,-0.8982,2.3747,0.3297,0.7031,0.4855,0.5782,0.8336,0.7326,0.4174,0.6436,0.1298,0.1598,0.2895,127,122,70,46,147,126,319,0.3981,0.3824,0.2194,0.1442,0.4608,0.395,103.9871,71.6748,104.7774,93.2875,106.7994,111.5811,102.8093,99.8333,100.1013,99.9735,118.0479,96.2318,108.618,93.6998,83.4559,91.3801,122.3129,0.2978,0.2373,0.3817,0.597,1,0,0,0,0,0,0.0972,NA,1,0,0.0972,0,0.0972,10,5,0.5,1.4498,1,0,10,9,0.9,-1.1023,3,2,0.6667,0.1579,0.2704,0.052,0.0209,0.2253,0.2452,0.0703,0.0198,NA,0.096,0.1599,0.0853,0.066,0.0043,94.9804,90.167,82.6615,93.8481,85.3939,79.7206,79.7838,NA,86.0939,86.9285,82.5176,79.4431,83.9875,-2.5899,-0.0027,-3.5449,-2.3071,1.0264,5.8135,7.2583,NA,-0.3292,1.6363,-0.1168,5.7719,6.453,9.2536,5.357,0.7078,4.0745,0.2891,-5.4698,-6.1913,NA,1.739,0.0562,0.7255,-5.6387,-2.8733,-6.8177,3.8052,0.8593,-0.5124,-4.2514,0.2772,-0.3732,NA,-1.6731,-7.1752,2.9239,0.5563,-0.2791,-1.3527,3.9229,2.2033,-0.122,-0.9303,0.2116,-1.0085,NA,-0.9347,-2.4078,1.8389,0.4523,-3.4889,31.4757,38.0275,43.9729,27.7867,31.1327,29.1226,24.4432,NA,30.8624,33.5851,26.5364,29.5875,21.975,2055.0456,2328.4845,877.0256,2071.9524,2176.6499,1830.8779,2539.5405,NA,1740.1117,2072.302,2372.2201,1802.0732,2273.75,0.3076,0.6688,0.4855,0.5155,0.8355,0.7326,0.4925,18.9617,71.8473,0.1942,7.1146,0.3548,0.2576,0.1537,0.1116,22,726,31.2958,10.7498,-1.1281,0.511,27.0209,27.808,0.7323,0.8781,0.2553,0.5275,0.737,0.4252,0.2846,0.4404,0.2237,0.0915,0.0667,0.0958,0.6115,0.7897,0.2225,0.4352,0.6556,0.2027,0.3086,0.53,0.5215,0.6783,0.8331,0.4785,0.0901,0.0783,0.2677,0.0472,0.0268,0.2253,0.2639,86.2791,79.7942,95.2051,91.7457,83.6397,94.1306,85.3743,0.0607,6.2278,-2.3431,0.7376,-3.8832,-2.0967,1.5545,0.4268,-7.6681,8.1442,4.7653,-1.4011,2.8194,-1.2455,-2.1014,0.2155,-6.3541,2.7142,1.2876,-0.6873,-3.7963,-1.2508,0.1476,-1.2734,3.0843,2.5751,-0.1636,-0.7716,0.3053,0.6696,0.4858,0.4983,0.8398,0.7315,0.4954,18.9617,319,90.9755,14.6038,24,0.0752,110.3,150,0.4702,36.6923,13,477,1B/3B,1B/3B,TEX,13,13,0.0964,104.7,NA,NA,NA,NA,NA,NA,0,NA,NA,NA,NA,NA,NA,NA,NA,NA,NA,5e-4,75.9259,0,0,0.0358,3.577,NA,NA,NA,NA
DET,200,464,530,109,73,26,2,8,56,54,53,0,128,8,4,0,7,5,2,0.2349,136,140,64,6,2160,831,1329,8,0,0,0.1,0.2415,0.4141,0.3214,0.3513,0.6727,0.1164,0.3042,0.9714,0.1882,0.4,0.4118,0.0429,0.0571,0.0588,0,0.3566,0.3108,-1.2897,58.6861,0.2703,-2.2208,15.6428,-1.8364,3.8828,0.01,-4.0572,-0.0067,15.4616,1.627,1.5057,13.0159,-0.277,4.0662,100.8428,-0.8531,-1.3091,-9.4705,8.1614,-4.9848,-0.4981,0.9847,1.191,14,-0.8337,-0.4957,0.4542,93.8573,0.2116,83.9759,0.0815,88.3864,0.0903,81.0205,0.1185,86.582,0.044,85.9684,NA,-3.4326,-1.6481,3.5074,4.1692,-1.31,-1.6656,-0.3499,-0.3606,1.9928,2.1381,-0.5117,-1.7532,0.2854,0.6536,0.438,0.6094,0.8684,0.7696,0.4144,0.5849,0.1009,0.1769,0.2778,132,126,82,55,178,107,341,0.3882,0.3706,0.2412,0.1618,0.5235,0.3147,103.6412,97.6825,99.755,102.1426,97.5911,87.3041,107.1829,99.5984,96.4612,103.894,60.7103,93.8427,105.2505,102.9832,93.6211,103.8164,97.4535,0.3306,0.2409,0.414,0.5761,0,0,0,0,0,0,NA,NA,0,0,0,0,0,18,8,0.4444,1.7481,0,0,21,15,0.7143,-2.456,11,10,0.9091,0.7658,0.3093,0.0718,0.0463,0.1449,0.2051,0.0907,0.0157,NA,0.1162,0.1056,0.0995,0.0708,0.0199,93.7981,88.8516,86.148,93.8546,84.2488,80.8622,80.7353,NA,86.4402,86.3952,81.9726,80.8386,80.9465,-4.6052,0.6306,-7.8994,-4.2477,2.5079,4.7779,2.9267,NA,-6.9286,0.9598,4.1497,4.8491,4.5248,9.4929,3.916,2.0122,3.989,1.0596,-5.899,-5.7039,NA,2.5098,1.4556,0.6396,-6.4706,-3.8653,-4.5219,3.6131,-0.904,0.7726,1.3012,-1.2715,0.7634,NA,-2.6872,-1.1047,2.4059,0.8979,-2.1694,-0.6769,2.331,-0.904,0.2469,0.2937,-0.6487,2.2454,NA,-1.0706,-0.4845,1.119,0.5869,-5.0451,30.8146,30.1641,38.8728,29.1075,28.9396,34.2914,38.5856,NA,26.482,33.5593,24.0406,35.1543,31.2212,2120.8069,2158.6516,1545.51,2171.5176,2297.3883,2496.9541,2302.6176,NA,1687.8884,2342.7939,2249.2372,2399.6928,2843.0233,0.2651,0.6163,0.4384,0.5517,0.8645,0.7687,0.4935,18.9944,71.7487,0.2062,7.446,0.3198,0.2436,0.1286,0.0979,15,776,35.6769,12.851,0.4841,0.5271,29.2753,27.9045,0.7129,0.8877,0.2522,0.4787,0.7663,0.4271,0.208,0.3936,0.2227,0.0603,0.0833,0.098,0.5367,0.805,0.2212,0.4163,0.7126,0.2059,0.2643,0.5767,0.5255,0.6312,0.8578,0.4745,0.1264,0.1042,0.3042,0.0681,0.0352,0.1435,0.2185,87.3075,81.1962,94.593,90.2695,86.2846,94.4107,85.0805,-6.6158,5.074,-4.0383,0.7481,-6.6962,-4.0858,2.8125,0.942,-7.4318,8.39,3.246,0.7401,2.7558,-0.256,-3.6407,0.1027,-3.7977,0.5355,-0.7461,1.0269,3.3691,-1.3336,0.0457,-0.578,0.3643,-0.9817,0.3313,0.7138,0.2579,0.6183,0.4384,0.5647,0.8535,0.7687,0.5009,18.9944,341,88.3625,13.6254,30,0.088,111,137,0.4018,37.8571,14,530,P,P,DET,6,6,0.0842,103.5,NA,NA,NA,NA,NA,NA,NA,NA,NA,NA,NA,NA,NA,NA,NA,NA,NA,NA,NA,NA,NA,NA,NA,NA,NA,NA,NA
CHC,185,422,489,93,62,18,0,13,56,51,58,0,108,2,5,2,8,12,2,0.2204,122,138,56,13,1955,761,1194,6,5,3,0.1186,0.2209,0.537,0.3142,0.3555,0.6696,0.1351,0.2614,0.8841,0.1772,0.3861,0.4367,0.0942,0.0942,0.0492,0.6,0.3661,0.309,-1.9654,53.3708,-2.4037,3.2918,14.4327,-2.1605,-0.12,-0.52,1.1313,-0.2255,15.2184,1.6014,1.4903,12.8112,2.1783,4.2077,95.8332,0.6419,-0.6768,-7.664,6.9872,0.1714,2e-4,0.8964,1.1762,11,0.1206,-0.8756,0.4565,93.9854,0.2124,84.9783,0.0614,88.7417,0.1141,80.9327,0.0983,83.6927,0.0573,85.8571,5e-4,1.1184,0.5991,4.0431,-3.0409,-4.7873,0.2342,0.1254,0.1444,3.3692,-1.3637,-2.4934,0.2091,0.304,0.6307,0.4371,0.6392,0.8765,0.7787,0.4074,0.5726,0.0967,0.1714,0.268,140,96,85,47,164,110,321,0.4361,0.2991,0.2648,0.1464,0.5109,0.3427,91.6901,124.6451,100.6077,98.9063,92.9902,95.1923,90.3166,93.9368,87.8485,117.4368,92.4638,107.1827,85.5176,108.8009,90.0631,100.7116,103.7999,0.3189,0.2334,0.4001,1.5364,1,0,0,0,0,0,0.2727,NA,1,0,0.2727,0,0.2727,13,8,0.6154,1.4961,0,0,14,9,0.6429,-1.4409,10,6,0.6,0.5481,0.3096,0.067,0.0466,0.1448,0.2083,0.0896,0.0281,NA,0.1059,0.1331,0.0752,0.087,0.0026,94.1456,88.4649,86.1857,93.5322,84.8678,79.4857,84.8945,NA,84.1145,86.2785,82.3728,79.3047,85.64,-1.7274,0.3798,-6.3383,-6.1068,2.1758,0.3863,4.9038,NA,-0.7315,0.6283,4.913,0.5518,-5.2415,9.6966,5.0844,-0.0068,5.2263,1.6104,-4.946,-5.2657,NA,2.5023,1.4772,1.8459,-5.0389,-1.7868,0.4553,3.4212,0.9083,0.5012,2.4663,-3.0416,-1.7232,NA,-5.3951,0.3523,2.114,-2.479,-0.5625,0.0753,2.6116,0.9981,0.1771,0.606,-1.738,-3.1331,NA,-2.6063,0.1355,1.4381,-1.4583,-11.2507,37.0283,32.8711,22.9379,30.0128,35.1121,36.9108,40.1351,NA,38.1416,37.1238,31.554,36.9204,36.5822,2113.7273,2345.3817,1171.5495,2009.9223,2329.6511,2101.3429,2270.6727,NA,1687.2415,2261.7077,2449.8231,2087.6882,2565.6,0.2793,0.6031,0.4376,0.6022,0.8628,0.7778,0.4887,19.0551,70.4265,0.1671,7.1882,0.3655,0.2814,0.1521,0.1171,19,700,31.8649,12.2611,-1.4509,0.5629,30.1379,27.7394,0.6897,0.8867,0.2407,0.5199,0.7826,0.4162,0.2256,0.4639,0.238,0.0579,0.0909,0.1051,0.5642,0.8541,0.2286,0.4661,0.6772,0.1876,0.2778,0.5897,0.5343,0.6209,0.8743,0.4657,0.1244,0.0947,0.3019,0.0614,0.0297,0.1484,0.2395,83.8435,80.6962,94.4717,88.6906,87.2228,93.6927,84.9586,-1.4906,2.4735,-1.6107,0.3192,-5.0732,-5.9372,2.0272,0.4334,-7.6095,8.3837,4.5335,-2.5832,3.6488,-0.2006,-4.8809,-1.8715,-0.2356,5.5492,0.4992,0.0545,-1.3633,-2.0086,-1.0116,-0.0399,4.6243,0.8607,0.0188,-0.2913,0.2775,0.6023,0.4376,0.6145,0.8552,0.7778,0.4928,19.0551,321,89.7492,17.2,28,0.0872,111.5,142,0.4424,37.6154,13,489,P,P,CHC,17,17,0.1105,103.6,NA,NA,NA,NA,NA,NA,NA,NA,NA,NA,NA,NA,NA,NA,NA,NA,NA,NA,NA,NA,NA,NA,NA,NA,NA,NA,NA
KCR,202,447,511,102,69,21,0,12,47,43,53,3,122,6,4,1,10,15,4,0.2282,118,147,61,23,2037,781,1256,11,4,2,0.1037,0.2387,0.4344,0.3157,0.3557,0.6714,0.1275,0.2839,0.8027,0.1871,0.362,0.4509,0.1565,0.0816,0.0932,0.5,0.3659,0.3075,-2.5222,55.3036,-2.6135,-1.06,15.082,-1.8364,3.7436,-0.2,-2.8964,-1.3683,14.5609,1.5322,1.4753,12.2576,1.2452,3.8305,95.4166,0.4259,-2.2628,-9.747,7.4841,-15.6128,-1.6004,0.975,0.8687,8,-0.7052,-1.6158,0.5094,94.4004,0.216,84.3645,0.0832,89.6095,0.0812,81.0242,0.0802,85.9939,0.03,88.1311,0.0074,-4.6226,-1.5197,1.7886,0.9838,2.7046,-0.7798,-0.4466,-0.3462,1.0584,0.5963,1.6592,-1.2784,0.2903,0.6576,0.4425,0.6445,0.8523,0.7725,0.4145,0.6027,0.1006,0.1733,0.2739,141,106,83,52,163,115,330,0.4273,0.3212,0.2515,0.1576,0.4939,0.3485,100.6738,101.3145,98.6142,100.3389,98.8167,95.6591,100.0289,99.0065,87.2885,113.7735,86.7291,103.2786,91.2272,107.3978,91.1967,97.9487,107.9136,0.3123,0.2328,0.3691,0.8193,1,0,0,0,0,0,0.0358,NA,1,0,0.0358,0,0.0358,10,5,0.5,0.9428,1,0,19,12,0.6316,-2.0288,17,11,0.6471,1.1949,0.3784,0.0899,0.0285,0.1307,0.201,0.0835,0.0074,NA,0.0806,0.1391,0.0619,0.0654,0.0182,94.3553,89.2978,88.0914,94.3782,84.4205,80.8959,83.48,NA,85.9311,84.9399,83.254,80.4602,82.4622,-1.7062,0.2318,-7.8618,-2.1697,0.6503,0.5667,3.6859,NA,-0.4069,0.0434,2.0133,1.6679,-3.3917,9.3505,5.0721,4.4379,4.6955,0.4721,-5.6372,-2.8937,NA,3.3801,0.285,0.8923,-6.5216,-2.4582,-5.1343,2.8847,-0.9422,-0.7837,-2.5179,-0.3378,-0.1746,NA,1.4202,0.2909,-2.8088,-0.0456,-0.2922,-0.6668,1.5764,-1.6244,-0.2946,-0.6156,-0.1987,-1.1639,NA,0.866,0.1028,-2.2292,-0.0343,-0.7896,35.4734,33.8446,39.5087,30.324,28.9717,40.5479,44.0734,NA,29.5619,30.7009,25.088,43.0643,31.5026,2152.1156,2042.5191,1533.6724,2055.891,2343.89,2384.2706,2535.6667,NA,1503.7988,2302.6855,2436.4365,2430.6842,2217.4324,0.2587,0.6352,0.4428,0.5985,0.8449,0.7714,0.4889,18.8547,72.1697,0.2435,7.2964,0.3071,0.2353,0.1464,0.1122,19,731,29.3701,8.0204,0.0659,0.5075,27.6975,27.9549,0.695,0.8832,0.2604,0.4836,0.7778,0.3935,0.2313,0.4815,0.2408,0.0882,0.1111,0.1052,0.5354,0.7877,0.2042,0.4278,0.7643,0.1893,0.2727,0.6088,0.5297,0.6343,0.8501,0.4703,0.085,0.0929,0.37,0.0973,0.0236,0.1337,0.1975,86.3435,82.001,94.7524,90.4778,88.5229,94.832,84.1908,-0.8462,1.0025,-1.3111,0.2445,-6.5334,-1.7787,1.3502,1.8992,-7.0724,8.1879,3.953,3.0538,3.356,-1.0597,1.5678,-1.2396,-6.0029,2.0239,-0.9491,-1.3669,0.186,0.9063,-0.6559,-0.7972,1.0222,-1.9772,-0.5025,0.0463,0.2609,0.63,0.4423,0.6148,0.8397,0.7722,0.4914,18.8547,330,91.127,17.8252,33,0.1,116.1,145,0.4394,36.5,14,511,2B,2B,KCR,7,7,0.0837,106.1,NA,NA,NA,NA,NA,NA,0,NA,NA,NA,NA,NA,NA,NA,NA,NA,NA,NA,NA,NA,NA,NA,NA,NA,NA,NA,NA
MIN,214,452,530,102,69,19,1,13,64,60,63,1,136,9,5,1,9,11,5,0.2257,119,135,66,17,2157,846,1311,15,3,0,0.1189,0.2566,0.4632,0.3289,0.3584,0.6873,0.1327,0.289,0.8815,0.2062,0.3719,0.4219,0.1259,0.0963,0.1261,0,0.4,0.3179,1.5732,61.549,2.8298,-5.2092,15.6428,-1.5123,3.8828,-0.01,-6.7216,0.9081,13.7121,1.4429,1.7335,11.5431,-1.9217,4.2921,104.8595,-0.889,-0.618,-9.1462,8.5283,2.0434,0.1998,1.001,1.5378,12,-0.346,-0.2713,0.4473,93.6356,0.1819,85.3061,0.0798,87.8779,0.0965,80.9565,0.1629,84.9371,0.0316,88.7353,0.0019,-1.4644,1.4019,4.4994,-0.8003,-1.8496,2.7049,-0.1519,0.3576,2.6159,-0.3848,-0.527,3.9777,0.2927,0.6547,0.4371,0.5673,0.8561,0.7399,0.3991,0.6019,0.1136,0.1697,0.2833,136,112,75,61,163,99,323,0.4211,0.3467,0.2322,0.1889,0.5046,0.3065,99.5601,116.1131,105.9897,104.5459,99.5675,99.5799,101.8079,109.1303,89.6788,106.445,102.3082,101.7751,98.48,99.1494,109.2993,100.0714,94.9129,0.3114,0.228,0.3566,-1.0327,2,0,0,0,0,0,0.0768,NA,2,0,0.0768,0,0.0768,25,13,0.52,2.3285,2,2,14,6,0.4286,-1.8114,25,17,0.68,2.3567,0.2845,0.0723,0.0336,0.1604,0.1875,0.0639,0.0345,NA,0.1632,0.1451,0.0424,0.063,9e-4,94.059,87.7574,89.1361,92.7669,85.3978,79.9628,82.2865,NA,84.8851,86.3945,81.9912,79.937,81.7,-0.9184,-0.3243,-9.382,1.2686,1.6631,-1.1979,1.72,NA,1.1666,1.4705,2.3213,-1.291,5.0916,10.2534,4.2203,3.174,4.9018,1.3589,-6.6523,-5.313,NA,2.5304,1.6822,0.2541,-6.7053,-3.0763,-1.2714,3.9108,1.187,-1.8542,1.1212,0.993,-0.9224,NA,-2.2386,0.8715,0.2497,0.8444,0.1486,-0.2084,2.5231,1.6486,-0.539,0.2789,0.7248,-1.2465,NA,-0.6396,0.2802,0.2744,0.6255,7.4298,36.8145,28.0002,39.3698,30.6564,29.9541,39.4146,25.1719,NA,35.5992,31.2725,25.4486,39.3753,42.0669,2224.5459,1753.5806,1625.25,1983.0262,2162.1517,2113.2336,2282.3649,NA,1668.9886,2049.0386,2548.7253,2109.0741,2394,0.2679,0.6298,0.4389,0.5314,0.8386,0.7396,0.4725,18.6333,71.5884,0.2224,7.3847,0.2987,0.2158,0.1384,0.1,24,760,32.1644,10.8778,-0.4758,0.5645,27.5611,27.1938,0.6885,0.8631,0.2466,0.5209,0.7187,0.4103,0.2069,0.4479,0.2345,0.0744,0.0625,0.1086,0.6,0.8214,0.2122,0.4362,0.5673,0.1981,0.2649,0.5098,0.5387,0.6421,0.8504,0.4613,0.1618,0.0938,0.2808,0.0686,0.0243,0.1712,0.1987,85.8235,82.1176,94.888,89.1435,88.6326,93.707,85.6756,1.4348,0.3301,-0.5266,0.1002,-7.9766,0.6939,1.7916,0.8623,-7.8761,8.8845,3.4029,2.0715,3.3234,-0.3126,-1.4764,0.8841,-0.0936,5.7656,1.1631,-3.2637,-1.4871,-0.4255,0.4398,-0.0155,3.9221,2.2367,-0.8893,-0.3491,0.2693,0.6206,0.4379,0.5533,0.826,0.7388,0.4799,18.6333,322,88.31,16.6301,24,0.0745,110.7,132,0.4099,37.8571,14,530,P,P,MIN,8,8,0.0676,104.1,NA,NA,NA,NA,NA,NA,1,-0.6617,NA,NA,NA,NA,NA,NA,NA,NA,NA,9e-4,85.509,0,0,-0.1504,-7.5196,NA,NA,NA,NA
NYM,201,489,549,117,84,20,3,10,56,53,50,1,114,3,5,0,10,9,1,0.2393,172,131,76,8,2158,786,1372,12,1,1,0.0911,0.2077,0.4386,0.3108,0.3538,0.6646,0.1145,0.2892,1.313,0.2005,0.4538,0.3456,0.0611,0.0763,0.0698,1,0.3169,0.3041,-3.9583,58.1676,-3.5102,1.7913,16.2035,-1.8364,-0.1347,0.31,-0.0451,-2.81,13.2137,1.3904,1.2945,11.1235,0.7001,5.0116,94.511,0.3272,-1.5357,-10.9892,9.4535,-8.8698,-0.9448,1.1595,2.7562,11,-0.5765,-0.748,0.4958,93.9514,0.2224,85.2833,0.0422,89.8571,0.0714,80.4091,0.1265,86.8681,0.0417,86.6556,0.0019,-4.7361,-4.1668,2.4586,2.2505,0.057,0.913,-0.4426,-0.8681,2.7018,1.4614,0.0209,1.0145,0.3446,0.6887,0.4819,0.651,0.8735,0.7779,0.399,0.5956,0.107,0.1511,0.2581,150,139,91,67,192,121,382,0.3947,0.3658,0.2395,0.1763,0.5053,0.3184,99.5472,95.7092,94.5908,97.8415,92.554,80.7084,99.9035,106.2941,103.2644,92.9489,74.9266,97.0084,104.5973,98.3957,108.454,99.5997,96.452,0.3192,0.2461,0.3976,0.3729,0,0,0,0,1,0,NA,NA,0,0,0.1613,0,0.1613,10,6,0.6,0.6009,1,0,15,9,0.6,-1.2975,9,6,0.6667,0.7567,0.3225,0.0417,0.0445,0.1705,0.2215,0.0575,0.0148,0.0042,0.1228,0.1501,0.0714,0.057,5e-4,94.2935,90.0367,86.4542,94.1899,85.2634,80.7718,79.4625,48.0778,86.8415,86.0463,83.6162,80.8187,75,-2.5006,0.2268,-5.8244,-7.0295,1.9295,3.9669,0.6976,5.6858,-2.0926,-0.0057,6.0008,3.9822,2.0795,10.0308,4.5508,1.4755,4.2511,1.6254,-5.8175,-7.2041,0.6002,2.3181,1.5514,1.7813,-5.8077,-7.0136,0.8319,2.2393,1.8069,-5.4836,-3.9937,1.6697,0.4055,-0.7214,-1.7894,-0.6761,-3.3175,1.7119,-0.0422,0.1195,2.4881,1.8822,-1.4901,-0.8355,1.3465,1.2671,-8.0157,-0.6752,-0.2087,-2.1542,1.3918,-4.2186,39.1305,15.7099,37.1037,29.1195,34.6592,37.7778,50.5851,51.6977,27.0138,39.2545,24.9912,38.0849,0,2144.9138,1640.6667,1413.9167,2017.356,2348.8138,2549.5726,2422.3438,1369.2222,1614.6679,2325.9321,2396.9545,2554.5285,1940,0.3172,0.6603,0.4833,0.5864,0.8739,0.7766,0.4842,19.2514,71.5643,0.2398,7.2666,0.3288,0.255,0.1373,0.1064,22,855,33.5494,8.1551,-0.4305,0.4947,26.4814,27.1747,0.7331,0.8786,0.2337,0.5584,0.8168,0.4114,0.2899,0.4898,0.251,0.0619,0.0769,0.104,0.604,0.8681,0.2238,0.504,0.7435,0.1876,0.3242,0.6148,0.5417,0.6714,0.869,0.4583,0.1256,0.0723,0.3239,0.051,0.0445,0.1701,0.2122,86.2138,80.9184,94.8639,89.7415,86.2051,94.6095,85.7088,-1.4854,4.1573,-1.7336,0.3028,-4.0527,-6.329,2.8828,0.6932,-7.7677,8.7616,2.5169,-0.1733,2.9667,0.301,-2.1684,1.8671,0.5281,3.4265,1.3244,-5.682,-4.9363,-0.8002,1.1968,0.0755,3.115,1.3796,-1.5482,-1.0778,0.3158,0.6569,0.4826,0.5891,0.873,0.7781,0.4891,19.2514,382,88.9074,9.672,26,0.0681,113.5,146,0.3822,39.2143,14,549,P,P,NYM,25,25,0.0859,104.7,NA,NA,NA,NA,NA,NA,0,NA,0.1613,NA,NA,NA,NA,NA,NA,NA,NA,5e-4,70.1486,0,0,0.0358,3.577,NA,NA,NA,NA
BOS,187,425,481,94,62,21,2,9,46,44,44,1,121,7,3,1,9,6,2,0.2212,142,107,57,12,1822,661,1161,9,2,1,0.0915,0.2516,0.3636,0.3027,0.3435,0.6462,0.1224,0.2852,1.3271,0.1863,0.4641,0.3497,0.1121,0.0841,0.0634,0.5,0.3617,0.2975,-6.2152,48.2157,-6.9415,1.9806,14.1965,-1.4043,3.5238,-0.24,0.5763,-5.8831,12.4136,1.3062,1.1169,10.45,1.0584,4.2362,86.8654,-0.4789,-2.5494,-10.3561,7.8066,-16.3193,-1.6338,1.1481,2.1202,11,-1.7463,-0.4743,0.5132,94.4503,0.1668,85.1283,0.0889,90.0247,0.1015,82.3784,0.1114,86.6552,0.0181,86.6364,5e-4,-6.5523,-2.8361,-0.2641,-0.8817,0.1535,0.8324,-0.7008,-0.9329,-0.163,-0.4766,0.0756,2.5225,0.3343,0.6162,0.4509,0.577,0.8125,0.7101,0.4135,0.5904,0.1306,0.1861,0.3167,120,114,74,57,147,104,309,0.3896,0.3701,0.2403,0.1851,0.4773,0.3377,97.5804,89.3561,103.9061,96.2157,95.4344,91.7853,100.4951,98.561,111.9076,88.2275,89.3633,94.1751,105.1203,102.5917,107.1061,94.6436,104.5623,0.3022,0.2288,0.3543,1.5374,0,0,0,0,0,0,NA,NA,0,0,0,0,0,9,4,0.4444,1.5932,0,0,12,6,0.5,-0.9065,7,3,0.4286,0.567,0.2881,0.0834,0.011,0.2239,0.1707,0.0768,0.0269,NA,0.1191,0.0851,0.0856,0.0675,0.0093,94.8924,90.625,83.075,93.7529,85.0225,82.9321,80.249,NA,87.0088,87.0884,82.9699,82.7813,84.0235,-3.4436,0.8792,-2.9667,-5.7286,2.2334,1.6373,6.2382,NA,-4.213,0.5093,3.9464,0.8875,7.0623,9.524,5.9866,1.7673,5.2488,0.9949,-4.5641,-7.4666,NA,2.695,0.8864,1.1028,-4.7951,-2.8931,-3.8336,-1.2906,0.6641,-2.5347,-3.1997,-0.6385,0.2136,NA,0.1191,-0.4117,-2.788,-0.806,0.1676,-0.7302,-0.849,3.3207,-0.6213,-1.0288,-0.456,0.4358,NA,0.0549,-0.2656,-1.7872,-0.6553,0.9857,35.9385,36.2613,43.3047,30.1831,31.2009,40.0251,45.4236,NA,34.0828,35.7368,26.6942,42.6897,20.7458,2238.6267,2331.3553,1002.4,1992.2132,2386.4051,2537.3143,2605.3469,NA,1718.0507,2395.871,2377,2570.3577,2298.2353,0.3241,0.5868,0.4512,0.5344,0.8104,0.708,0.4835,18.6832,72.2234,0.2802,7.4126,0.3608,0.2548,0.1414,0.0999,19,671,29.9439,9.5861,0.2221,0.5156,27.7563,27.6425,0.6111,0.8802,0.2319,0.5364,0.7111,0.442,0.2626,0.404,0.2207,0.1389,0.08,0.1054,0.6091,0.7441,0.2441,0.4467,0.6556,0.1979,0.30620000000000003,0.5138,0.5198,0.608,0.8139,0.4802,0.1235,0.0906,0.2881,0.0906,0.0071,0.2239,0.1762,87.1695,82.3649,95.1098,90.9359,82.0406,93.9127,84.6859,-3.605,3.3872,-3.0747,1.1355,-7.6737,-5.4349,2.7033,1.0986,-7.4286,8.4376,4.5875,2.1794,3.9057,-0.79990000000000006,-0.1693,-0.1764,-4.597,-1.0565,0.9883,-2.8556,-3.0013,-0.0753,-0.1069,-0.8756,-0.6403,7.6024,-0.6999,-0.935,0.3255,0.5825,0.4512,0.538,0.8073,0.708,0.489,18.6832,309,89.3385,13.1959,23,0.0744,114.7,128,0.4142,37,13,481,P,P,BOS,3,3,0.071,104.4,NA,NA,NA,NA,NA,NA,NA,NA,NA,NA,NA,NA,NA,NA,NA,NA,NA,NA,NA,NA,NA,NA,NA,NA,NA,NA,NA
NYY,192,413,483,83,53,15,3,12,57,51,62,1,130,4,3,0,9,18,3,0.201,118,123,43,17,1998,788,1210,8,2,0,0.1284,0.2692,0.4769,0.3091,0.339,0.6481,0.138,0.2591,0.9593,0.1514,0.4155,0.4331,0.1382,0.0976,0.0678,0,0.4224,0.301,-4.8735,49.7837,-2.7,-2.0243,14.2556,-1.8364,3.5385,0.34,-3.8607,-1.6509,12.2824,1.2924,1.3957,10.3396,1.0491,6.3482,95.1735,1.4774,0.3143,-8.4303,8.7446,3.1412,0.3279,1.0357,2.4354,8,-0.2155,0.5189,0.4424,94.5493,0.263,84.8648,0.0802,89.0438,0.0566,79.6283,0.1167,85.8755,0.0411,84.9756,0.003,-6.6077,-0.6266,2.1296,0.8162,0.5046,0.7706,-0.7483,-0.1194,1.331,0.7223,0.2166,0.9397,0.291,0.6274,0.4299,0.5953,0.8066,0.7226,0.4128,0.5797,0.1191,0.1752,0.2943,123,102,61,55,145,86,287,0.4301,0.3566,0.2133,0.1923,0.507,0.3007,88.6649,125.3895,111.1724,98.2546,94.1713,103.5341,91.2956,80.1127,100.1974,109.2769,103.6518,103.9548,101.29,91.0742,111.2978,100.5372,93.1161,0.3163,0.2135,0.3815,-0.4283,2,0,0,0,0,0,0.0715,NA,2,0,0.0715,0,0.0715,23,10,0.4348,1.8426,1,1,26,17,0.6538,-3.6735,8,6,0.75,0.5443,0.2821,0.0822,0.0481,0.1593,0.264,0.0446,0.011,NA,0.1087,0.1748,0.0892,0.0446,NA,94.7931,89.0585,85.4479,93.95,84.8241,78.6303,83.0636,NA,85.6571,85.543,83.4146,78.6303,NA,-2.7872,1.2973,-6.6335,-4.2864,2.3403,3.6513,2.8917,NA,-2.0438,0.4197,6.1059,3.6513,NA,9.973,4.4526,1.1849,4.5524,0.9077,-6.6104,-6.2137,NA,2.8787,0.7882,1.1419,-6.6104,NA,-4.4831,2.1188,-0.9764,-2.3766,1.4587,-0.0166,0.1725,NA,-0.2066,2.3069,-0.8482,-0.0166,NA,-0.7963,1.2919,-1.0171,-0.7474,0.2768,-0.0187,0.7841,NA,-0.0952,0.661,-0.4765,-0.0187,NA,33.543,40.3215,37.4365,27.5765,29.4112,38.4108,40.6326,NA,23.0665,31.5947,25.1301,38.4108,NA,2205.1226,2382.3476,1349.5833,1905.4591,2302.3093,2288.9551,2386.6364,NA,1246.1429,2248.3782,2408.0506,2288.9551,NA,0.2718,0.5957,0.4304,0.5487,0.8041,0.7218,0.4895,18.9794,72.7066,0.3107,7.6822,0.3115,0.2269,0.1389,0.1012,18,692,31.7156,12.4973,1.3154,0.5506,28.0936,28.0465,0.6637,0.8581,0.2413,0.4906,0.7238,0.4313,0.2074,0.4,0.2348,0.0468,0,0.0925,0.5728,0.7333,0.2267,0.3995,0.7086,0.2045,0.2641,0.5587,0.5331,0.6202,0.801,0.4669,0.1172,0.0511,0.2831,0.0736,0.0386,0.1603,0.2761,86.0452,79.8363,95.1257,89.5142,85.2045,94.2856,85.1069,-2.3336,3.272,-2.5236,1.4633,-5.7949,-3.9754,2.759,1.0561,-8.8062,8.5615,3.3369,-0.7555,3.1629,-0.807,-1.0554,0.8983,-4.4895,2.5046,-0.1322,-2.3919,0.4014,-0.451,0.8807,-0.7946,1.7038,-0.1717,-0.7475,0.0729,0.273,0.5965,0.4309,0.5591,0.7969,0.7198,0.488,18.9794,287,89.3332,14.1378,32,0.1115,116.3,126,0.439,37.1538,13,483,1B,1B,NYY,9,9,0.0876,105.4,NA,NA,NA,NA,NA,NA,1,-0.2138,NA,NA,NA,NA,NA,NA,NA,NA,NA,NA,NA,NA,NA,NA,NA,NA,NA,NA,NA
PIT,194,434,500,103,71,19,0,13,56,56,54,1,112,6,5,1,11,4,1,0.2373,151,116,58,10,2020,766,1254,13,3,1,0.108,0.224,0.4821,0.3267,0.371,0.6976,0.1336,0.2866,1.3017,0.1785,0.4646,0.3569,0.0862,0.1121,0.0861,0.3333,0.358,0.3201,2.3316,58.9126,-0.2027,-3.3336,14.7573,-1.5123,-0.1227,-0.24,-4.8459,-0.3783,9.4103,0.9902,0.9653,7.9218,-0.1756,2.9556,99.7125,-0.6253,-0.7197,-9.2672,8.5475,-4.3489,-0.4708,1.0541,1.6692,7,-0.6758,-0.0069,0.4659,93.9968,0.18,84.9392,0.0786,89.038,0.1223,81.6016,0.1079,85.9078,0.0453,84.4725,0.0064,4.8889,-5.4187,-1.8554,3.4809,0.4278,-0.124,0.5218,-1.4969,-1.1743,1.415,0.1971,-0.1363,0.3226,0.6435,0.4554,0.5916,0.8625,0.75,0.4139,0.604,0.1139,0.1644,0.2782,121,114,93,66,164,98,328,0.3689,0.3476,0.2835,0.2012,0.5,0.2988,98.7414,113.4958,102.0386,102.8368,97.0497,94.1841,99.0174,94.5975,105.7195,95.9813,110,90.6595,99.3849,116.5004,123.7726,98.5622,90.5027,0.3144,0.235,0.37,0.4497,0,0,0,0,0,0,NA,NA,0,0,0,0,0,13,8,0.6154,1.3279,0,0,9,7,0.7778,-1.2658,8,5,0.625,0.414,0.3238,0.0683,0.0386,0.1436,0.1856,0.0856,0.0396,NA,0.1149,0.1025,0.0832,0.0832,0.0025,94.0752,89.9935,84.1064,93.6862,84.7587,80.1428,85.1138,NA,85.9181,87.1425,81.8214,80.0208,84.24,-0.9184,-0.0254,1.3234,-3.1799,1.3429,0.8523,1.5716,NA,-2.5963,2.3589,0.091,0.7189,5.3341,9.874,5.4091,2.8154,5.0655,0.6135,-5.915,-2.7439,NA,2.3555,0.7484,0.4474,-6.0379,-1.7857,1.5966,-2.1959,-0.4676,1.4168,-8.4291,5.9872,0.2772,NA,0.9837,-5.0915,-3.3375,6.1127,-0.1255,0.2441,-1.5912,-0.5995,0.4886,-2.2478,3.4608,0.3465,NA,0.424,-2.4597,-1.9866,3.6385,-2.5101,38.4985,40.3189,23.6584,36.2602,37.5096,43.2659,40.259,NA,35.711,45.3375,27.8645,43.9332,20.847,2092.6361,2282.6232,687.6026,2202.3655,2415.1067,2544.4971,2664.5125,NA,1821.9526,2454.8502,2366.1369,2551.2321,2318.2,0.2973,0.6242,0.455,0.5402,0.8569,0.7497,0.4822,19.3678,72.207,0.2853,7.2655,0.314,0.2328,0.1343,0.0996,19,743,33.9625,8.7699,0.3051,0.4415,28.9323,27.1078,0.666,0.8934,0.2563,0.5135,0.7553,0.3959,0.2527,0.453,0.2477,0.1123,0.0952,0.1001,0.589,0.8133,0.2044,0.433,0.671,0.1915,0.2986,0.5494,0.5371,0.6364,0.8588,0.4629,0.1153,0.1153,0.3129,0.0693,0.0381,0.153,0.196,86.1045,81.8611,94.4398,90.0705,84.7885,93.8253,84.9234,-1.9463,1.8572,-0.9284,0.0337,0.575,-2.5109,1.2709,1.0693,-6.7472,8.9387,4.3722,0.9546,3.8731,-0.8906,1.7076,4.363,2.0247,-3.4779,-1.1916,0.5005,-5.2943,0.7329,1.8725,0.3204,-2.4842,-1.5475,0.162,-1.337,0.2975,0.6227,0.455,0.5484,0.8489,0.7476,0.4842,19.3678,328,88.2208,11.4845,20,0.061,114.6,130,0.3963,38.4615,13,500,C,C,PIT,27,27,0.0722,105.3,NA,NA,NA,NA,NA,NA,NA,NA,NA,NA,NA,NA,NA,NA,NA,NA,NA,NA,NA,NA,NA,NA,NA,NA,NA,NA,NA
LAA,201,455,532,94,61,14,1,18,61,57,59,2,149,11,3,4,12,6,1,0.2066,123,133,51,12,2129,794,1335,12,6,1,0.1109,0.2801,0.396,0.3106,0.3604,0.671,0.1538,0.2612,0.9248,0.1661,0.4007,0.4332,0.0902,0.1353,0.0976,0.1667,0.4248,0.3093,-1.9831,58.2191,-0.974,-6.6108,15.7018,-1.6204,3.8974,-0.09,-8.2312,-2.3973,8.9707,0.944,1.1583,7.5517,-1.4233,4.007,98.3336,-0.2174,-0.4696,-8.3655,7.8959,-4.1919,-0.4586,0.8937,1.4057,5,-0.6065,0.081,0.5176,94.9111,0.2823,85.0899,0.0291,87.5,0.0658,80.7286,0.0925,86.7817,0.008,86.7647,0.0038,1.5504,-8.4025,-1.0166,1.8196,0.1433,1.0478,0.1407,-1.3981,-1.6396,1.2997,0.0727,6.1638,0.3094,0.6937,0.4674,0.5309,0.8468,0.7236,0.411,0.6147,0.1292,0.1583,0.2875,147,92,74,52,165,96,313,0.4696,0.2939,0.2364,0.1661,0.5272,0.3067,91.1466,108.332,115.6845,98.7242,100.1321,115.4105,92.0159,87.8989,96.6183,109.3087,143.7876,113.5216,83.4788,100.9529,96.1499,104.5357,94.9772,0.2844,0.1922,0.3302,-1.2059,0,0,0,0,0,0,NA,NA,0,0,0,0,0,16,5,0.3125,1.657,1,0,12,6,0.5,-0.705,14,10,0.7143,0.5771,0.3856,0.0333,0.0085,0.1278,0.2846,0.0423,0.024,NA,0.0939,0.2048,0.0798,0.0423,NA,95.0038,87.8958,86.6889,94.5846,85.0025,78.9556,83.8078,NA,85.2485,86.089,82.2159,78.9556,NA,-3.1268,1.7166,-7.4025,-5.7539,1.6034,2.7485,2.6077,NA,-4.9261,-0.0017,5.7202,2.7485,NA,9.0167,4.7356,1.0593,4.8094,0.6326,-5.3704,-6.3414,NA,3.4096,0.491,0.9959,-5.3704,NA,3.0468,0.0393,1.0478,-2.603,-8.1962,3.2756,-1.4476,NA,-2.0859,-4.7548,-3.4414,3.2756,NA,0.3711,0.0553,5.8213,-0.957,-1.3525,3.6396,-2.8385,NA,-1.0429,-1.0906,-2.0243,3.6396,NA,29.6127,33.5046,32.8666,28.6987,28.5544,35.6308,45.012,NA,32.0709,29.0771,27.2137,35.6308,NA,2063.5725,2446.6056,1314.5556,2074.5,2199.9224,2437.2,2519.4118,NA,1720.36,2152.6697,2321.1118,2437.2,NA,0.2805,0.6572,0.4674,0.4618,0.8343,0.7216,0.496,18.7805,72.0879,0.2733,7.5062,0.2606,0.1839,0.0968,0.0683,18,805,34.6684,12.7125,-2.993,0.4522,25.847,26.9228,0.7131,0.881,0.2528,0.5403,0.7248,0.4122,0.2706,0.32,0.236,0.0722,0.0714,0.0991,0.6312,0.7993,0.2257,0.4301,0.5924,0.1864,0.2848,0.4639,0.5261,0.67,0.8432,0.4739,0.0939,0.0681,0.3889,0.0296,0.0056,0.1273,0.2865,86.7532,80.7048,94.5632,88.6233,86.2493,94.7633,85.1446,-4.6106,3.4327,-2.7447,1.9226,-7.0738,-5.7563,2.1762,1.3261,-7.4785,7.8191,4.0874,-0.3161,3.466,-0.9289,-0.4018,0.4816,1.8644,-0.4319,0.8543,-2.0997,-7.19,-0.2009,0.3321,0.2252,-0.6855,7.1195,-0.7748,-1.1787,0.2848,0.6498,0.4674,0.462,0.8338,0.7206,0.5002,18.7805,313,88.1487,16.6013,24,0.0767,113.2,112,0.3578,38,14,532,3B,3B,LAA,1,1,0.0735,104.1,NA,NA,NA,NA,NA,NA,0,NA,NA,NA,NA,NA,NA,NA,NA,NA,NA,NA,NA,NA,NA,NA,NA,0.0047,53.7,-0.7762,-7.7621
ATH,197,439,484,101,70,19,2,10,51,50,41,0,133,0,2,2,13,8,1,0.2301,136,101,70,12,1850,654,1196,12,3,1,0.0847,0.2748,0.3083,0.2946,0.3508,0.6454,0.1207,0.3054,1.3465,0.228,0.443,0.329,0.1188,0.099,0.0882,0.3333,0.3802,0.2955,-7.1239,47.6465,-7.1026,-0.8304,14.2851,-1.4043,3.5458,-1.66,-2.2347,-6.8929,8.7033,0.9158,0.8219,7.3266,0.2097,4.8904,86.6439,0.3251,-0.0106,-8.6357,8.6251,-9.7237,-1.0398,1.0043,1.1154,11,-1.1068,1.0963,0.458,93.7482,0.2718,84.3267,0.0579,89.5421,0.0666,81.4065,0.1115,85.534,0.0341,83.4444,0.0016,-4.2954,-5.8762,-0.0845,2.3469,-1.3088,-1.0471,-0.5077,-1.1706,-0.079,1.908,-0.6353,-1.6621,0.3462,0.7004,0.4921,0.5665,0.833,0.7228,0.412,0.6074,0.1362,0.1519,0.2881,123,103,84,44,162,104,310,0.3968,0.3323,0.271,0.1419,0.5226,0.3355,101.5034,82.7475,113.5029,93.6386,97.4534,90.567,107.5888,120.6455,106.83,83.0089,105.1912,95.9067,94.3644,115.7042,82.1449,103.6282,103.8877,0.2981,0.2345,0.3715,-0.1154,2,0,0,0,0,0,0.3085,NA,2,0,0.3085,0,0.3085,14,8,0.5714,1.4581,0,0,13,10,0.7692,-1.6583,18,8,0.4444,1.3642,0.2848,0.0753,0.0395,0.1705,0.2631,0.0395,0.0222,NA,0.105,0.1689,0.0942,0.0395,NA,94.2323,90.2079,84.2342,92.7517,83.8066,79.5055,84.4293,NA,85.25,84.5317,82.5063,79.5055,NA,-1.426,0.8783,-7.6266,-2.8355,1.1878,3.3855,1.9469,NA,-0.3098,-0.7399,4.6444,3.3855,NA,9.2244,5.3857,1.937,3.4611,0.6434,-6.2814,-6.0678,NA,2.3367,0.7231,0.5005,-6.2814,NA,1.9158,-0.6335,-1.5766,-6.6711,-6.3459,-0.8343,3.2912,NA,-0.5886,-3.0898,-3.2561,-0.8343,NA,0.3642,-0.4558,-2.1597,-2.1178,-1.3057,-1.1429,8.0273,NA,-0.3034,-0.9903,-1.8713,-1.1429,NA,32.7664,32.44,31.9326,20.9153,29.8286,35.4598,43.1584,NA,29.5146,34.0239,22.3059,35.4598,NA,2242.9981,2132.741,1314.9863,1872.3937,2374.2984,2338.6849,2558.4146,NA,1699.3402,2365.9872,2389.2011,2338.6849,NA,0.3162,0.6793,0.4921,0.4917,0.8372,0.7228,0.4846,19.3667,72.2794,0.3525,7.2453,0.3138,0.2216,0.1456,0.1028,17,749,32.8513,8.9881,-2.0075,0.43120000000000003,27.6562,27.9711,0.7459,0.8562,0.2487,0.5649,0.7066,0.4197,0.2734,0.4444,0.229,0.096,0.1176,0.1026,0.6207,0.7906,0.2186,0.5043,0.5943,0.2012,0.3229,0.5172,0.5349,0.6868,0.8339,0.4651,0.111,0.0617,0.2864,0.0753,0.0347,0.1727,0.2583,85.2302,81.2888,94.3756,90.1843,84.8332,93.1269,83.8963,-0.5224,3.2124,-1.0944,1.3737,-7.1975,-2.5923,1.4971,0.9228,-8.0164,8.0195,3.7877,-0.2801,2.157,-0.8829,-1.0307,2.1825,1.8302,-0.6008,-0.9862,-6.7697,-5.7275,-0.5028,1.9144,0.346,-0.4322,-1.541,-2.1222,-1.2007,0.3203,0.6737,0.4921,0.4901,0.8397,0.7228,0.4862,19.3667,310,89.7928,10.7647,22,0.071,115.1,133,0.429,37.2308,13,484,2B/OF,2B/OF,ATH,10,10,0.0653,106.3,NA,NA,NA,NA,NA,NA,NA,NA,NA,NA,NA,NA,NA,NA,NA,NA,NA,NA,NA,NA,NA,NA,NA,NA,NA,NA,NA
SDP,210,470,522,100,59,29,1,11,58,53,47,2,113,1,3,1,8,14,1,0.2128,158,125,75,8,2018,734,1284,12,3,0,0.09,0.2165,0.4159,0.2841,0.3489,0.633,0.1362,0.255,1.264,0.2095,0.4413,0.3492,0.064,0.088,0.0759,0,0.3276,0.288,-10.3978,48.6728,-9.7124,2.7346,15.4066,-1.6204,-0.1281,0.14,1.1143,-8.1646,8.2283,0.8658,0.8255,6.9267,1.5478,5.3163,84.0269,1.5726,-0.3601,-9.3888,9.0287,-5.8938,-0.6185,1.046,1.4889,10,-1.3355,0.9913,0.5159,94.8548,0.1915,84.7332,0.0749,89.2781,0.0694,79.0786,0.1275,86.5175,0.0208,89.0952,0.005,-8.3526,2.4996,-0.8381,-1.2438,2.085,-0.7727,-0.8031,0.6476,-0.5551,-0.8884,0.8113,-1.8397,0.3414,0.7043,0.4881,0.6073,0.8711,0.7612,0.4043,0.6207,0.1165,0.1457,0.2621,152,113,96,64,175,122,361,0.4211,0.313,0.2659,0.1773,0.4848,0.338,88.5226,94.6201,98.6107,89.4305,91.286,95.9669,88.0975,111.0486,100.4236,93.8943,86.3754,103.4757,89.5077,109.2654,109.0504,95.559,102.3675,0.3256,0.2602,0.4066,-0.0248,1,0,1,0,0,0,0.0358,-0.1592,1,1,0.0358,-0.1592,-0.1234,11,6,0.5455,1.1455,0,0,11,8,0.7273,-0.9907,20,14,0.7,1.1628,0.2808,0.0818,0.0208,0.2336,0.183,0.0625,0.0094,NA,0.128,0.0938,0.0893,0.0625,NA,95.4852,89.3685,89.0405,93.986,84.5553,79.1944,78.2842,NA,86.5078,86.2423,82.7839,79.1944,NA,-3.8096,0.7483,-7.9932,-4.9079,3.7017,1.2228,4.6459,NA,-3.2148,1.3312,6.1908,1.2228,NA,9.511,4.4075,3.1337,4.2086,1.2648,-6.213,-6.7887,NA,1.2226,1.4469,1.0736,-6.213,NA,-7.3855,-1.7544,-0.8395,-3.2396,2.8986,-1.657,0.4462,NA,1.2852,3.417,-0.5184,-1.657,NA,-1.3049,-1.0633,-1.9989,-0.6878,0.7855,-1.3151,2.3483,NA,0.4981,1.8079,-0.288,-1.3151,NA,30.6915,31.0493,21.6266,30.0626,27.0929,35.6747,34.9468,NA,29.2732,29.3777,24.6938,35.6747,NA,2109.2686,1990.5879,763.119,2104.4501,2415.7534,2329.3175,2506.8947,NA,1665.5698,2415.3598,2416.1667,2329.3175,NA,0.3154,0.6663,0.4881,0.5449,0.8638,0.7591,0.4921,19.1671,72.338,0.2506,7.4745,0.3265,0.243,0.165,0.1228,12,790,32.5119,9.715,-1.1093,0.5,28.4723,29.0022,0.7521,0.9034,0.2484,0.5556,0.7425,0.4156,0.2665,0.464,0.2489,0.0732,0.0833,0.087,0.6054,0.7935,0.2166,0.5013,0.6755,0.199,0.3182,0.5669,0.5362,0.6845,0.8625,0.4638,0.124,0.0729,0.2832,0.0858,0.0208,0.2351,0.1781,86.6007,79.2395,95.6183,89.3958,88.2966,94.1179,84.6154,-2.9638,2.1898,-3.3055,1.1828,-6.8387,-4.7448,4.3568,-0.3206,-7.8504,8.3884,3.0214,1.3819,2.9674,-0.0015,0.0935,-1.3875,-7.2429,-2.0068,0.394,-3.0879,3.3234,0.0374,-0.9439,-1.2685,-1.16,0.9382,-0.6515,0.9257,0.3202,0.6594,0.4891,0.5247,0.8716,0.7576,0.498,19.1671,361,89.2196,9.2207,28,0.0776,113.5,166,0.4598,37.2857,14,522,3B/OF,3B/OF,SDP,29,29,0.0739,105.3,NA,NA,NA,NA,NA,NA,NA,NA,NA,NA,NA,NA,NA,NA,NA,NA,NA,NA,NA,NA,NA,NA,NA,NA,NA,NA,NA
PHI,190,438,496,96,61,22,1,12,46,46,46,0,116,10,2,0,6,8,2,0.2192,142,121,60,10,1911,699,1212,8,1,0,0.0927,0.2339,0.3966,0.3065,0.3562,0.6626,0.137,0.2692,1.1736,0.1858,0.4396,0.3746,0.0826,0.0992,0.0563,0,0.3508,0.3059,-3.1189,53.0094,-5.4793,-0.8168,14.6393,-1.5123,-0.1217,0.68,-2.3291,-6.024,6.1644,0.6487,0.6415,5.1893,-0.5447,3.9207,90.5163,-0.1185,-1.2054,-8.5515,7.3461,-16.725,-1.6502,0.9718,1.0833,10,-1.183,-0.0573,0.4458,94.1749,0.2182,84.1391,0.1031,88.5584,0.089,81.8176,0.0921,85.5795,0.0518,86.4343,NA,-0.0071,1.7458,-0.8333,1.916,-3.032,-0.9832,-8e-4,0.4187,-0.423,1.1271,-1.7227,-0.9931,0.3193,0.652,0.4579,0.5618,0.8786,0.7497,0.4165,0.5927,0.1146,0.1753,0.2899,125,119,80,43,185,96,324,0.3858,0.3673,0.2469,0.1327,0.571,0.2963,91.1904,97.4613,106.5351,96.4769,93.177,96.5421,93.0087,98.4654,100.0339,100.7384,97.3427,94.8128,105.0247,101.4527,81.6353,112.5556,89.7502,0.3165,0.2399,0.3797,-0.4262,0,0,0,0,0,0,NA,NA,0,0,0,0,0,12,6,0.5,0.752,0,0,12,5,0.4167,-1.6458,8,8,1,0.9807,0.3203,0.0947,0.0529,0.1251,0.2093,0.0858,0.0204,NA,0.0916,0.1434,0.0659,0.0706,0.0152,94.1539,88.7785,86.3198,94.1042,84.4118,81.7872,81.0538,NA,85.5583,85.4869,82.0738,81.9785,80.8966,-1.8135,-0.697,-6.6828,-5.2018,1.4491,1.0488,2.2774,NA,-0.7946,0.8859,2.6737,0.3874,4.128,9.1216,4.9636,1.6333,4.4813,0.7044,-5.4923,-6.7269,NA,2.9942,1.0578,-0.0642,-5.5521,-5.214,1.0738,-1.5956,-0.1442,-1.9829,0.5669,3.5637,-0.2673,NA,-3.931,-4.1926,4.7595,1.2734,2.2904,0.1755,-0.8815,-0.1428,-0.8296,0.1417,2.173,-0.6853,NA,-2.2463,-1.5302,3.7774,0.9432,7.8978,36.5812,37.3881,37.8362,28.3925,34.8486,33.0764,45.2817,NA,31.1875,35.5989,33.217,39.63,2.5685,2038.1716,2204.2652,1489.6436,2086.8828,2405.9025,1976.0427,2330.5128,NA,1500.2743,2366.9343,2490.6429,2345.6815,255.3103,0.2977,0.6243,0.4579,0.5276,0.8615,0.7509,0.4903,19.1477,71.5896,0.221,7.3854,0.3333,0.2493,0.1193,0.0892,18,706,31.3876,10.3605,0.3018,0.5411,26.6536,28.2812,0.6848,0.9106,0.2494,0.5193,0.7385,0.4248,0.2544,0.4608,0.2268,0.0857,0.0667,0.099,0.5867,0.8182,0.2121,0.4521,0.6353,0.2127,0.3025,0.5338,0.5379,0.6387,0.8706,0.4621,0.09,0.0968,0.3229,0.1047,0.053900000000000003,0.1256,0.2062,85.9242,81.7662,94.4601,88.7589,86.5178,94.4319,84.6376,-1.0974,2.9113,-1.4427,-0.6471,-5.7503,-5.0283,1.3808,1.6852,-7.4178,8.179,3.5487,0.4215,3.6309,-0.4825,-4.0791,4.3156,1.6713,-2.5408,-0.0319,-2.0715,0.0199,-2.3716,2.3328,0.2709,-1.2704,-0.031,-0.8631,0.0051,0.2988,0.6188,0.4574,0.5347,0.8584,0.7517,0.4956,19.1477,324,89.2269,12.418,22,0.0679,112.5,124,0.3827,38.1538,13,496,P,P,PHI,26,26,0.0741,103.9,NA,NA,NA,NA,NA,NA,NA,NA,NA,NA,NA,NA,NA,NA,NA,NA,NA,NA,NA,NA,NA,NA,NA,NA,NA,NA,NA
SEA,194,457,526,87,58,15,2,12,49,46,59,2,143,10,0,0,6,7,5,0.1904,136,123,54,18,2133,804,1329,7,1,1,0.1122,0.2719,0.4126,0.2966,0.3107,0.6073,0.1204,0.2483,1.1057,0.1725,0.4345,0.393,0.1463,0.0976,0.0515,1,0.4068,0.2849,-11.8928,47.6305,-6.3176,-4.1296,15.5247,-2.1605,3.8535,0,-6.2901,-7.1516,5.9365,0.6247,0.456,4.9974,-0.834,3.8994,89.1491,-1.5703,-2.3026,-11.8963,9.5937,-11.0699,-1.0879,1.2138,1.9889,11,-1.5494,-0.3475,0.4756,94.6841,0.1859,85.6919,0.0671,89.8322,0.1061,79.1239,0.1174,85.328,0.0479,86.7157,0.0047,-0.5996,-7.0119,-0.3336,0.4297,-1.1954,-3.4655,-0.0592,-1.7707,-0.2333,0.1901,-0.4782,-3.3976,0.3274,0.6683,0.462,0.5806,0.7829,0.6961,0.3948,0.5989,0.1402,0.1575,0.2977,136,108,70,65,152,97,314,0.4331,0.3439,0.2229,0.207,0.4841,0.3089,83.9899,109.5678,112.2926,94.2654,86.3203,90.2828,87.4976,91.2853,104.7822,99.1522,103.6518,104.6923,97.6847,95.1919,119.8046,95.9928,95.6609,0.296,0.2135,0.3531,0.7363,1,0,2,0,0,0,0.0514,-0.0844,1,2,0.0514,-0.0844,-0.033,14,6,0.4286,1.4847,1,1,15,11,0.7333,-1.7742,16,10,0.625,0.7698,0.3469,0.0883,0.0479,0.1268,0.1723,0.1,0.0023,NA,0.1155,0.1282,0.0441,0.1,NA,94.605,89.9255,86.6539,94.7152,85.1112,78.7981,83.62,NA,85.2841,85.5872,83.7287,78.7981,NA,-1.6194,0.7144,-6.3464,-3.603,0.6763,2.216,-0.5363,NA,-1.9875,-0.1378,3.0408,2.216,NA,9.8164,4.7632,0.5191,5.3544,0.4308,-7.2986,-5.6621,NA,4.0848,0.0182,1.6292,-7.2986,NA,-1.3335,-0.0108,-3.4398,-0.1904,-7.3466,1.0586,-0.2762,NA,-1.6955,-4.3795,-2.9671,1.0586,NA,-0.1804,-0.0057,-3.3723,-0.0705,-2.0018,0.497,-5.5246,NA,-0.6892,-1.6042,-3.1565,0.497,NA,37.9515,37.2095,38.8771,33.9256,35.1901,40.616,35.6488,NA,37.6203,37.085,29.6869,40.616,NA,2035.0622,2192.4043,1265.5882,2137.6407,2179.3351,2219.3568,2159.2,NA,1569.2317,2148.5275,2268.8085,2219.3568,NA,0.308,0.6277,0.462,0.5294,0.7811,0.6941,0.4817,19.2215,71.7456,0.2879,7.3011,0.3096,0.2083,0.122,0.0821,15,792,31.2687,11.1413,1.9648,0.5366,26.2363,26.384,0.6884,0.8073,0.245,0.5342,0.7,0.4152,0.2835,0.4409,0.231,0.0853,0.0556,0.1088,0.602,0.6939,0.2099,0.4648,0.7081,0.2053,0.306,0.5662,0.5446,0.6485,0.7663,0.4554,0.1239,0.1,0.3427,0.0798,0.0418,0.1216,0.1892,85.5563,79.2641,95.1971,90.3759,87.2456,94.9426,85.4598,-2.3753,2.7543,-1.5761,0.4082,-5.6255,-3.4842,0.7276,2.3392,-9.2514,8.4832,4.2868,-1.3296,3.8112,-0.9412,-1.9686,0.6305,-0.7791,-2.5641,-2.8959,-0.8933,-4.9158,-0.7457,0.296,-0.1067,-1.5083,-3.2538,-0.3449,-1.2198,0.3117,0.6228,0.4629,0.5484,0.7717,0.6944,0.4859,19.2215,314,87.4399,13.2875,25,0.0796,113.8,108,0.3439,37.5714,14,526,P,P,SEA,11,11,0.1042,104,NA,NA,NA,NA,NA,NA,1,-0.078,NA,NA,NA,NA,NA,NA,NA,NA,NA,9e-4,95.4211,0,0,0.0994,4.9677,NA,NA,NA,NA
ARI,201,448,497,100,58,29,5,8,57,55,38,0,106,2,5,4,11,8,2,0.2232,136,128,78,15,1984,718,1266,10,9,5,0.0765,0.2133,0.3585,0.284,0.3638,0.6478,0.1406,0.2714,1.0625,0.2281,0.3977,0.3743,0.1172,0.0625,0.0735,0.5556,0.3058,0.2932,-8.0669,48.1746,-10.0787,2.2633,14.6688,-1.6204,-0.122,0.05,0.6429,-11.229,3.9607,0.4168,0.5561,3.3342,-1.1502,5.9518,82.609,0.0319,-0.247,-8.493,8.246,-5.1292,-0.5056,0.9851,1.3726,5,-1.4736,1.2228,0.4728,94.1537,0.2336,85.1404,0.0444,89.6023,0.0802,79.6101,0.1297,86.2529,0.0394,89.1282,0.001,-5.2551,-7.5191,1.7913,0.407,1.7343,-2.7711,-0.5608,-1.624,2.0356,0.256,0.6748,-3.5527,0.3528,0.6125,0.4536,0.6355,0.8832,0.7653,0.388,0.5734,0.1064,0.1804,0.2868,170,104,77,66,166,119,351,0.4843,0.2963,0.2194,0.188,0.4729,0.339,92.8697,80.3495,97.1551,89.401,95.1848,99.1065,93.7534,120.8936,90.4845,100.6459,61.3462,119.0265,84.7258,90.1368,115.6621,93.227,102.695,0.3108,0.2489,0.3897,-1.1821,2,0,0,0,0,0,0.133,NA,2,0,0.133,0,0.133,8,4,0.5,0.6454,1,0,10,8,0.8,-1.6893,15,11,0.7333,0.697,0.3153,0.0454,0.0409,0.1549,0.2291,0.0827,5e-4,NA,0.1312,0.164,0.0651,0.0782,0.0045,94.4302,89.5722,89.2333,93.4635,85.1002,79.7311,74.7,NA,86.2546,85.9498,82.9597,79.5929,82.1111,-2.2607,0.7136,-7.997,-1.0108,0.3108,2.7268,4.4071,NA,-1.1486,0.6343,-0.5042,2.5274,6.1617,9.8004,5.668,2.4298,5.0377,0.768,-5.969,-6.4855,NA,2.1655,0.7194,0.8904,-6.0861,-3.951,-7.3698,1.5749,-2.9825,1.6725,-8.3202,1.021,0.041,NA,1.3775,-5.0811,-3.2391,0.4292,0.5917,-1.1792,1.7499,-3.6821,0.5448,-1.8326,0.6225,4.0986,NA,0.5298,-1.5634,-2.5109,0.2769,6.575,38.7849,37.9092,38.1804,28.5022,35.1581,44.9575,33.5455,NA,31.8124,43.7789,13.439,45.1621,41.4341,2156.3088,2410.8444,1389.716,1992.4528,2213.2555,2594.7195,2385,NA,1555.5577,2396.8646,1750.6744,2597.6,2545.1111,0.3293,0.5974,0.4536,0.5886,0.878,0.7653,0.4637,18.3155,71.8648,0.2656,7.5478,0.3327,0.2547,0.1469,0.1125,9,738,31.4729,11.4648,-2.1869,0.5854,27.1377,26.9546,0.6595,0.8881,0.2279,0.5155,0.8241,0.4189,0.3004,0.4891,0.2474,0.1333,0.1154,0.1058,0.5539,0.8778,0.2165,0.4745,0.7571,0.2024,0.3339,0.5978,0.556,0.6034,0.8814,0.444,0.1297,0.0883,0.313,0.0444,0.0394,0.1565,0.2287,86.5744,80.4505,94.7875,90.3396,89.4345,93.8183,85.491,-0.7049,3.156,-1.7047,1.0493,-7.2892,-0.922,0.8213,0.6936,-7.2124,8.7986,5.161,0.9365,3.655,-0.4774,1.4912,0.0156,-5.6845,0.1892,-2.9393,0.7742,-6.7965,0.5802,0.0089,-0.9169,0.215,-3.7684,0.2497,-1.5003,0.3308,0.5971,0.4533,0.5904,0.8787,0.765,0.4599,18.3155,351,88.3479,14.2941,21,0.0598,116.9,131,0.3732,35.5,14,497,P,P,ARI,15,15,0.0746,104.5,NA,NA,NA,NA,NA,NA,0,NA,NA,NA,NA,NA,NA,NA,NA,NA,NA,NA,NA,NA,NA,NA,NA,NA,NA,NA,NA
COL,214,476,524,117,82,21,1,13,58,56,36,1,140,5,2,5,7,16,7,0.2458,129,130,76,15,1940,657,1283,9,8,3,0.0687,0.2672,0.2571,0.3044,0.3761,0.6805,0.1303,0.32,0.9923,0.2269,0.3851,0.3881,0.1154,0.1,0.0698,0.375,0.3607,0.3093,-2.025,57.2719,-11.6813,1.3405,15.4657,-1.9444,-0.1286,0.06,-0.604,-12.73,2.0031,0.2108,0.4207,1.6862,-1.0487,4.6585,80.8621,-0.5388,-2.5229,-10.9729,8.4499,-13.9631,-1.3932,1.0908,1.4652,20,-1.541,-0.772,0.4183,93.4291,0.2615,85.5266,0.081,88.8981,0.0794,81.324700000000007,0.1176,87.5526,0.0423,85.6707,0.0026,3.7936,-1.8443,-1.5594,2.5705,-4.98,-0.5615,0.4678,-0.3638,-0.9932,1.6692,-2.1842,-0.6848,0.3768,0.7114,0.5132,0.5751,0.8523,0.7317,0.4074,0.6508,0.1376,0.1448,0.2825,144,119,80,43,191,109,343,0.4198,0.3469,0.2332,0.1254,0.5569,0.3178,102.2659,72.1983,121.7063,95.841,98.3794,91.7961,110.5475,120.2552,87.6206,104.3544,98.1538,103.174,99.207,95.8328,77.1132,109.769,96.2591,0.3068,0.2412,0.3966,-0.5099,1,0,0,0,0,0,0.0358,NA,1,0,0.0358,0,0.0358,17,7,0.4118,1.349,1,1,15,8,0.5333,-0.9396,24,18,0.75,2.0429,0.2749,0.0737,0.048,0.1336,0.2692,0.0454,0.034,0.0093,0.1119,0.1697,0.0995,0.0454,NA,94.5409,89.2965,85.9086,94.1224,85.4393,80.4955,82.2773,48.1833,87.4567,86.221,84.1067,80.4955,NA,-4.3092,1.2152,-7.4449,-2.4728,1.7427,4.3408,3.0704,-1.7624,-5.6732,1.1729,2.714,4.3408,NA,8.8949,3.9926,2.4232,3.7568,0.9639,-4.9887,-4.7122,11.2637,2.6385,1.5884,-0.1006,-4.9887,NA,3.7858,-0.4664,-2.3231,-1.9035,-3.7263,3.8074,-1.3941,0.5298,-3.4586,-2.88,-0.8463,3.8074,NA,0.7103,-0.3262,-2.4979,-0.7349,-0.7138,4.3266,-2.1122,2.9435,-1.5938,-0.8754,-0.4385,4.3266,NA,30.8816,26.9712,34.0659,19.9455,29.5228,38.0708,30.404,61.9998,26.9352,29.8894,28.898,38.0708,NA,2236.7467,2255.951,1536.5806,1943.1429,2330.6379,2689.0909,2187.9848,1329.7778,1547.1982,2277.5836,2421.0777,2689.0909,NA,0.362,0.6789,0.5137,0.5246,0.8524,0.7319,0.4786,19.4033,71.5019,0.192,7.2386,0.3199,0.2296,0.1276,0.0916,16,797,34.4648,11.4601,-1.6422,0.4956,26.3478,27.3844,0.756,0.8779,0.2501,0.5893,0.7343,0.4002,0.3394,0.4161,0.2413,0.066,0.0769,0.1083,0.6606,0.7984,0.2106,0.5101,0.642,0.1897,0.3474,0.5249,0.5374,0.7068,0.8502,0.4626,0.114,0.0866,0.28,0.064,0.0449,0.1392,0.2713,87.371,81.4889,92.9782,89.4365,85.7924,94.1273,85.4844,-5.4305,4.1939,-3.8223,1.7339,-7.2078,-2.5198,2.0376,1.3761,-5.8823,8.0836,2.9556,1.0374,2.9905,-0.0971,-3.6521,4.1663,5.1934,-1.208,-2.4005,-1.902,-5.3738,-1.6525,2.4799,0.9564,-0.9742,-2.7592,-0.7044,-1.0216,0.3604,0.6766,0.5137,0.5167,0.8522,0.7309,0.4848,19.4033,343,89.0116,15.3284,22,0.0641,111.1,130,0.379,37.4286,14,524,SS,SS,COL,19,19,0.0786,103.9,NA,NA,NA,NA,NA,NA,1,-0.2727,NA,NA,NA,NA,NA,NA,NA,NA,NA,NA,NA,NA,NA,NA,NA,NA,NA,NA,NA
SFG,199,462,502,111,75,25,4,7,47,44,32,1,110,2,5,1,12,5,1,0.2403,165,130,62,9,1990,714,1276,9,1,0,0.0637,0.2191,0.2909,0.2894,0.3571,0.6466,0.1169,0.2971,1.2692,0.1737,0.4622,0.3641,0.0692,0.0538,0.0545,0,0.2968,0.2921,-8.4067,48.4007,-8.5141,-2.0393,14.8163,-1.5123,-0.1232,0.39,-3.5516,-11.3178,-0.1763,-0.0186,0.2755,-0.1484,-2.8037,4.7259,85.4751,-0.2511,-0.8097,-7.3598,6.5501,-11.5497,-1.2175,0.7642,0.5891,3,-1.2309,0.1713,0.5468,94.6421,0.1735,84.7652,0.0739,89.585,0.084,81.4132,0.0795,86.9114,0.0423,86.1429,0.003,-9.8178,-0.2418,-1.7387,7.5062,-3.0042,-1.7429,-0.9032,-0.0701,-1.1828,4.4947,-1.9014,-2.0749,0.333,0.6647,0.4743,0.6921,0.8721,0.7996,0.4261,0.5797,0.095,0.1638,0.2588,139,131,88,74,162,122,358,0.3883,0.3659,0.2458,0.2067,0.4525,0.3408,99.9615,66.9888,99.8172,91.1154,93.433,82.3742,102.6512,92.0573,105.1665,97.9236,52.8521,95.4187,104.6352,100.9992,127.1461,89.2016,103.2253,0.2824,0.238,0.3409,-2.5526,1,0,1,0,0,0,0.041,-0.0422,1,1,0.041,-0.0422,-0.0012,10,5,0.5,1.003,0,0,11,9,0.8182,-2.3189,13,6,0.4615,0.7243,0.2817,0.0981,0.0292,0.256,0.1574,0.0407,0.0438,NA,0.0825,0.0719,0.0855,0.0407,NA,94.8768,90.8723,86.4707,94.2611,83.7639,79.7247,82.8161,NA,87.0043,86.2182,81.6994,79.7247,NA,-3.1027,0.2364,-4.6202,-1.2574,0.7496,1.7998,3.2947,NA,-2.3102,0.7043,0.7877,1.7998,NA,9.7474,4.8687,2.4378,4.1979,0.7015,-6.4937,-4.1838,NA,1.7037,1.1608,0.3152,-6.4937,NA,-6.5533,-2.6157,-0.7601,-6.5428,0.8175,1.8904,5.4512,NA,-3.7594,0.7136,0.1039,1.8904,NA,-1.1702,-1.3414,-1.3106,-1.2854,0.2612,2.3339,6.2658,NA,-2.2923,0.499,0.0611,2.3339,NA,39.0527,34.7153,43.1526,34.1129,32.2659,44.881,24.8699,NA,31.6756,34.6554,30.2559,44.881,NA,2085.5625,1994.0923,1297.2759,2163.1356,2292.7796,2682.8642,1740.6667,NA,1630.189,2128.6154,2430.8706,2682.8642,NA,0.3012,0.6413,0.4743,0.6429,0.869,0.7985,0.5091,19.2188,70.7016,0.2311,7.1793,0.3253,0.251,0.1153,0.089,10,753,32.6035,8.0714,0.04,0.4967,27.717,26.7616,0.702,0.8775,0.2722,0.5392,0.8079,0.4099,0.2595,0.5321,0.2286,0.0366,0.1667,0.0893,0.599,0.8602,0.2145,0.4735,0.7353,0.1954,0.3012,0.6505,0.5161,0.659,0.8707,0.4839,0.0915,0.077,0.2792,0.0895,0.0307,0.2596,0.1725,86.8086,80.9402,95.0277,90.9914,86.5568,94.4965,84.4032,-1.8695,3.5467,-2.5626,0.8209,-5.483,-1.0459,1.0978,0.2969,-7.9342,8.5338,3.9599,0.6005,2.8821,-0.5153,-4.2283,5.5563,-6.9927,-0.2081,-0.6437,-6.0612,0.207,-2.3233,3.6316,-1.2599,-0.1169,-1.0552,-1.1747,0.0604,0.3053,0.6407,0.4743,0.6512,0.8676,0.7985,0.504,19.2188,358,88.6904,12.1489,16,0.0447,113,132,0.36870000000000003,35.8571,14,502,OF,OF,SFG,30,30,0.0714,104.4,NA,NA,NA,NA,NA,NA,NA,NA,NA,0.0106,83.6143,-5.5483,1.5975,-0.3524,-1.6783,49.2596,1206.4762,NA,NA,NA,NA,NA,NA,NA,NA,NA,NA
CHW,214,445,503,87,62,13,2,10,43,38,48,2,143,5,3,2,8,13,3,0.1955,135,112,51,14,2004,749,1255,10,9,4,0.0954,0.2843,0.3357,0.2794,0.3011,0.5806,0.1056,0.261,1.2054,0.1711,0.453,0.3758,0.125,0.0893,0.0741,0.4444,0.3996,0.2696,-17.1291,39.7914,-15.6522,-3.3036,14.8459,-1.9444,3.685,-0.19,-5.248,-14.9238,-1.641,-0.1727,-0.2414,-1.3814,0.7284,4.9345,71.9241,0.517,-1.1947,-8.7344,7.5397,-21.1474,-2.1392,0.9611,1.16,15,-2.0243,0.7813,0.4728,94.1712,0.2394,85.1524,0.0885,89.2203,0.076,82.1974,0.1099,86.3409,0.0135,86.4444,0.0055,-12.4111,-7.2933,-0.2832,1.3821,0.9779,-0.2446,-1.312,-1.5226,-0.16,0.9093,0.4445,-0.9059,0.3197,0.6796,0.464,0.5692,0.8257,0.7198,0.401,0.5944,0.1297,0.1537,0.2834,138,108,61,54,173,80,307,0.4495,0.3518,0.1987,0.1759,0.5635,0.2606,86.2548,93.2159,117.4272,88.8186,83.6538,79.2313,91.9625,90.5535,109.2472,94.8295,94.8599,108.6541,99.9121,84.8443,101.7994,111.7461,80.6945,0.2767,0.2057,0.3202,0.2114,0,0,2,0,0,0,NA,-0.1211,0,2,0,-0.1211,-0.1211,9,5,0.5556,0.7556,0,0,13,7,0.5385,-1.29,20,9,0.45,0.8064,0.2977,0.0844,0.018,0.1743,0.2363,0.0684,0.015,NA,0.1059,0.1613,0.0749,0.0634,0.005,94.2584,89.2456,87.225,93.8854,85.3588,81.1672,85.42,NA,86.1009,86.7712,82.3173,81.1472,81.42,-2.5493,-0.1036,-8.4356,-2.5322,1.6991,3.262,0.0894,NA,-3.2449,1.1372,2.9093,3.1113,5.176,10.1961,5.1157,2.6673,4.6148,1.4935,-6.6914,-4.7368,NA,2.7177,2.0413,0.3137,-6.996,-2.8222,-4.7427,-1.8243,-0.045,-7.7259,-7.4375,1.3721,-0.4724,NA,1.3059,-5.8965,-1.541,1.7848,-0.4128,-0.7957,-1.0794,-0.1251,-2.2137,-1.5724,1.0015,-1.5748,NA,0.616,-1.8255,-1.0274,1.4054,-4.1276,36.4824,31.7024,36.762,29.7214,35.4904,41.7997,45.1475,NA,30.3454,40.0984,25.5677,43.3416,22.2172,2214.8943,2319.5503,1550.6944,2062.4699,2322.5116,2626.9051,2420.1333,NA,1683.6698,2358.9659,2244.0133,2629.7874,2590.3,0.3084,0.6326,0.4635,0.5311,0.8201,0.7198,0.4785,18.9779,71.6479,0.2532,7.3693,0.3188,0.2261,0.1257,0.0891,16,774,31.6211,12.7789,1.4352,0.5633,28.4027,28.0016,0.6904,0.8545,0.252,0.5375,0.709,0.4012,0.2598,0.479,0.2414,0.085,0.0588,0.1054,0.6309,0.7386,0.2014,0.4433,0.6667,0.1998,0.2935,0.5517,0.543,0.6656,0.8079,0.457,0.1054,0.0849,0.2872,0.0949,0.019,0.1763,0.2323,86.1083,82.4286,94.4397,90.6117,87.3578,94.0296,84.9191,-2.8287,3.3224,-2.235,0.8506,-7.1283,-2.1651,2.4319,1.0601,-8.1269,8.9853,4.2852,0.428,3.209,-0.4273,1.5456,-0.0013,-4.6323,-1.2701,-0.305,-7.6606,-6.2684,0.7325,-7e-4,-0.8056,-0.6685,-0.8026,-2.1701,-1.348,0.3093,0.6306,0.4635,0.5342,0.8168,0.7188,0.48,18.9779,307,87.573,13.33,17,0.0554,111.9,114,0.3713,35.9286,14,503,1B,1B,CHW,4,4,0.0865,102.6,NA,NA,NA,NA,NA,NA,NA,NA,NA,NA,NA,NA,NA,NA,NA,NA,NA,NA,NA,NA,NA,NA,NA,NA,NA,NA,NA
CIN,218,468,526,95,67,14,1,13,41,38,54,1,127,2,2,0,5,12,3,0.203,145,137,58,17,2004,732,1272,12,3,1,0.1027,0.2414,0.4252,0.2871,0.3205,0.6076,0.1175,0.2485,1.0584,0.1706,0.4265,0.4029,0.1241,0.0949,0.0828,0.3333,0.3688,0.2818,-12.8287,46.6945,-17.284,-0.9667,15.5247,-1.7284,-0.1291,-0.58,-2.6951,-16.0815,-3.381,-0.3558,-0.2352,-2.8462,1.2024,3.88,71.8648,0.2458,-1.901,-10.5787,8.6777,-26.8581,-2.6372,1.0557,1.3011,15,-1.967,0.1663,0.4965,95.6724,0.2111,85.6927,0.0604,90.3306,0.0803,82.5155,0.1377,87.6196,0.014,89.4286,0.002,-10.3555,-0.8681,1.4425,-0.8311,-1.4977,2.2237,-1.0408,-0.2052,1.1922,-0.5162,-0.5426,7.9418,0.3045,0.6458,0.4511,0.592,0.8561,0.7544,0.4296,0.6312,0.1108,0.1826,0.2934,128,125,90,46,182,115,343,0.3732,0.3644,0.2624,0.1341,0.5306,0.3353,84.4558,107.8857,109.9852,90.3759,83.8501,82.824,85.8418,90.4241,97.04,108.3562,93.1387,91.7102,104.209,107.8119,82.4932,104.5967,101.5577,0.3031,0.2242,0.3755,0.9567,0,0,0,0,0,0,NA,NA,0,0,0,0,0,15,10,0.6667,1.5271,1,0,12,7,0.5833,-1.1596,8,5,0.625,0.3164,0.3244,0.0594,0.019,0.1732,0.2121,0.0803,NA,NA,0.1317,0.1153,0.0968,0.0803,NA,95.8415,90.2227,89.0211,95.2421,85.6318,82.4689,NA,NA,87.5034,86.8468,84.1851,82.4689,NA,-1.6884,0.7015,-5.7981,-6.5451,2.5667,2.3617,NA,NA,-2.215,0.5807,4.9315,2.3617,NA,9.7466,3.7991,1.2812,4.8736,0.9153,-6.4554,NA,NA,2.4011,0.9395,0.8865,-6.4554,NA,-3.2048,1.3743,2.2846,-8.4778,-1.0835,-0.9358,NA,NA,-1.7332,-3.2691,2.1856,-0.9358,NA,-0.493,1.1549,6.0121,-2.4432,-0.2549,-0.5813,NA,NA,-0.6565,-1.4152,1.1266,-0.5813,NA,36.1816,39.885,26.5317,25.364,29.7089,42.5128,NA,NA,30.2775,32.8963,25.9137,42.5128,NA,2276.5554,2501.958,1513.8684,2003.2853,2436.7035,2607.0062,NA,NA,1467.5227,2258.6061,2648.768,2607.0062,NA,0.2782,0.6206,0.4511,0.529,0.8535,0.7544,0.505,19.3481,71.9422,0.2,7.2702,0.3297,0.2486,0.1362,0.1027,25,740,32.2029,11.6383,2.6608,0.5689,25.5153,27.4378,0.6973,0.8827,0.2612,0.5206,0.7426,0.4145,0.2212,0.3936,0.227,0.0659,0,0.0972,0.5698,0.7952,0.2334,0.4572,0.6581,0.1811,0.2707,0.5345,0.507,0.6366,0.8506,0.493,0.1407,0.0853,0.3224,0.0504,0.0055,0.1781,0.2176,87.6111,82.6757,95.9664,91.1208,87.6506,95.3338,85.8264,-2.2779,2.4299,-1.5419,0.8298,-1.2623,-6.2543,3.0135,0.6285,-7.9976,8.4802,2.9071,0.1266,3.3663,-0.5263,-1.0508,-0.9504,-4.1979,1.3715,0.5398,-6.2826,-1.2058,-0.3726,-0.5558,-0.6498,1.3579,4.907,-1.7598,-0.2765,0.2818,0.6187,0.4511,0.5338,0.8539,0.7544,0.5025,19.3481,343,89.5225,17.7323,27,0.0787,111.9,125,0.3644,37.5714,14,526,C/1B,C/1B,CIN,18,18,0.0702,106,NA,NA,NA,NA,NA,NA,0,NA,NA,NA,NA,NA,NA,NA,NA,NA,NA,NA,NA,NA,NA,NA,NA,NA,NA,NA,NA
