game_id,home_team,away_team,game_date,home_goals,away_goals
2025020002,NYR,PIT,20251007,0,3
2025020038,NYR,WSH,20251012,0,1
2025020051,NYR,EDM,20251014,0,2
2025020093,NYR,MIN,20251020,1,3
2025020116,NYR,SJS,20251023,5,6
2025020206,NYR,CAR,20251104,0,3
2025020237,NYR,NYI,20251108,0,5
2025020253,NYR,NSH,20251110,6,3
2025020299,NYR,DET,20251116,1,2
2025020355,NYR,STL,20251124,3,2
2025020391,NYR,TBL,20251129,1,4
2025020415,NYR,DAL,20251202,3,2
2025020441,NYR,COL,20251206,2,3
2025020458,NYR,VGK,20251207,2,3
2025020500,NYR,MTL,20251213,5,4
2025020515,NYR,ANA,20251215,1,4
2025020523,NYR,VAN,20251216,0,3
2025020549,NYR,PHI,20251220,4,4
2025020662,NYR,UTA,20260105,2,3
2025020685,NYR,BUF,20260108,2,5
2025020718,NYR,SEA,20260112,2,4
2025020737,NYR,OTT,20260114,4,8
2025020826,NYR,BOS,20260126,4,3
2025020849,NYR,NYI,20260129,1,2
2025020906,NYR,CAR,20260205,0,2
2025020924,NYR,PHI,20260226,2,3
2025020934,NYR,PIT,20260228,2,2
2025020953,NYR,CBJ,20260302,4,5
2025020975,NYR,TOR,20260305,6,2
2025021017,NYR,CGY,20260310,4,0
2025021065,NYR,LAK,20260316,1,4
2025021077,NYR,NJD,20260318,3,6
2025021110,NYR,WPG,20260322,2,2
2025021119,NYR,OTT,20260323,1,2
2025021151,NYR,CHI,20260327,6,1
2025021167,NYR,FLA,20260329,3,1
2025021182,NYR,NJD,20260331,4,1
2025021195,NYR,MTL,20260402,2,3
2025021207,NYR,DET,20260404,4,1
2025021227,NYR,WSH,20260405,8,1
2025021244,NYR,BUF,20260408,3,5
2025020020,SJS,VGK,20251009,3,4
2025020036,SJS,ANA,20251011,6,7
2025020055,SJS,CAR,20251014,1,5
2025020088,SJS,PIT,20251018,0,3
2025020165,SJS,LAK,20251028,3,4
2025020176,SJS,NJD,20251030,5,2
2025020184,SJS,COL,20251101,3,2
2025020198,SJS,DET,20251102,2,2
2025020230,SJS,WPG,20251107,2,1
2025020243,SJS,FLA,20251108,3,1
2025020314,SJS,UTA,20251118,3,2
2025020330,SJS,LAK,20251120,3,3
2025020342,SJS,OTT,20251122,2,3
2025020351,SJS,BOS,20251123,3,1
2025020385,SJS,VAN,20251128,3,2
2025020410,SJS,UTA,20251201,6,3
2025020425,SJS,WSH,20251203,1,7
2025020527,SJS,CGY,20251216,6,3
2025020543,SJS,DAL,20251218,3,5
2025020561,SJS,SEA,20251220,2,4
2025020625,SJS,MIN,20251231,3,3
2025020649,SJS,TBL,20260103,3,7
2025020675,SJS,CBJ,20260106,5,2
2025020700,SJS,DAL,20260110,5,4
2025020715,SJS,VGK,20260111,2,7
2025020808,SJS,NYR,20260123,3,1
2025020928,SJS,CGY,20260226,1,4
2025020936,SJS,EDM,20260228,5,4
2025020950,SJS,WPG,20260301,2,1
2025020969,SJS,MTL,20260303,7,5
2025020989,SJS,STL,20260306,2,3
2025020999,SJS,NYI,20260307,1,2
2025021092,SJS,BUF,20260319,0,5
2025021103,SJS,PHI,20260321,1,4
2025021177,SJS,STL,20260330,5,4
2025021190,SJS,ANA,20260401,4,3
2025021202,SJS,TOR,20260402,4,1
2025021220,SJS,NSH,20260404,3,6
2025021231,SJS,CHI,20260406,3,2
2025021246,SJS,EDM,20260408,2,5
2025020013,PIT,NYI,20251009,4,3
2025020029,PIT,NYR,20251011,1,6
2025020101,PIT,VAN,20251021,5,1
2025020134,PIT,CBJ,20251025,4,4
2025020148,PIT,STL,20251027,6,3
2025020221,PIT,WSH,20251106,5,3
2025020245,PIT,LAK,20251109,2,3
2025020296,PIT,NSH,20251116,4,0
2025020332,PIT,MIN,20251121,0,5
2025020340,PIT,SEA,20251122,2,3
2025020366,PIT,BUF,20251126,4,2
2025020396,PIT,TOR,20251129,2,7
2025020470,PIT,ANA,20251209,3,3
2025020484,PIT,MTL,20251211,2,4
2025020497,PIT,SJS,20251213,5,6
2025020509,PIT,UTA,20251214,4,5
2025020524,PIT,EDM,20251216,4,6
2025020566,PIT,MTL,20251221,3,3
2025020619,PIT,CAR,20251230,5,1
2025020635,PIT,DET,20260101,4,3
2025020687,PIT,NJD,20260108,4,1
2025020698,PIT,CGY,20260110,1,2
2025020726,PIT,TBL,20260113,1,1
2025020741,PIT,PHI,20260115,6,3
2025020760,PIT,CBJ,20260117,3,3
2025020850,PIT,CHI,20260129,6,2
2025020861,PIT,NYR,20260131,6,5
2025020877,PIT,OTT,20260202,2,3
2025020922,PIT,NJD,20260226,4,1
2025020947,PIT,VGK,20260301,5,0
2025020977,PIT,BUF,20260305,1,5
2025020993,PIT,PHI,20260307,3,3
2025021002,PIT,BOS,20260308,5,4
2025021099,PIT,WPG,20260321,4,4
2025021112,PIT,CAR,20260322,1,5
2025021126,PIT,COL,20260324,2,6
2025021156,PIT,DAL,20260328,3,6
2025021183,PIT,DET,20260331,5,1
2025021211,PIT,FLA,20260404,9,4
2025021223,PIT,FLA,20260405,5,2
2025020006,EDM,CGY,20251008,3,3
2025020035,EDM,VAN,20251011,3,1
2025020122,EDM,MTL,20251023,6,5
2025020162,EDM,UTA,20251028,6,3
2025020175,EDM,NYR,20251030,3,4
2025020192,EDM,CHI,20251101,3,2
2025020240,EDM,COL,20251108,1,9
2025020254,EDM,CBJ,20251110,5,4
2025020360,EDM,DAL,20251125,3,8
2025020418,EDM,MIN,20251202,0,1
2025020434,EDM,SEA,20251204,9,4
2025020450,EDM,WPG,20251206,6,2
2025020474,EDM,BUF,20251209,3,4
2025020491,EDM,DET,20251211,4,1
2025020570,EDM,VGK,20251221,4,3
2025020585,EDM,CGY,20251223,5,1
2025020631,EDM,BOS,20251231,2,6
2025020647,EDM,PHI,20260103,2,5
2025020674,EDM,NSH,20260106,6,2
2025020709,EDM,LAK,20260110,3,3
2025020747,EDM,NYI,20260115,0,1
2025020769,EDM,STL,20260118,5,0
2025020786,EDM,NJD,20260120,1,2
2025020800,EDM,PIT,20260122,2,6
2025020818,EDM,WSH,20260124,6,5
2025020829,EDM,ANA,20260126,7,4
2025020854,EDM,SJS,20260129,4,3
2025020871,EDM,MIN,20260131,3,7
2025020891,EDM,TOR,20260203,2,5
2025020966,EDM,OTT,20260303,5,4
2025020986,EDM,CAR,20260306,3,6
2025021061,EDM,NSH,20260315,3,1
2025021073,EDM,SJS,20260317,5,3
2025021089,EDM,FLA,20260319,0,4
2025021109,EDM,TBL,20260321,2,5
2025021154,EDM,ANA,20260328,4,2
2025021187,EDM,SEA,20260331,3,0
2025021200,EDM,CHI,20260402,3,1
2025021218,EDM,VGK,20260404,1,5
2025020017,WPG,DAL,20251009,4,5
2025020022,WPG,LAK,20251011,3,2
2025020084,WPG,NSH,20251018,4,1
2025020120,WPG,SEA,20251023,0,3
2025020126,WPG,CGY,20251024,5,3
2025020143,WPG,UTA,20251026,2,3
2025020174,WPG,CHI,20251030,6,3
2025020182,WPG,PIT,20251101,5,2
2025020311,WPG,CBJ,20251118,5,2
2025020333,WPG,CAR,20251121,3,4
2025020348,WPG,MIN,20251123,0,3
2025020437,WPG,BUF,20251205,4,1
2025020473,WPG,DAL,20251209,3,4
2025020489,WPG,BOS,20251211,3,6
2025020503,WPG,WSH,20251213,5,1
2025020516,WPG,OTT,20251215,2,3
2025020594,WPG,MIN,20251227,3,4
2025020609,WPG,EDM,20251229,1,3
2025020673,WPG,VGK,20260106,3,4
2025020690,WPG,EDM,20260108,3,4
2025020695,WPG,LAK,20260109,5,1
2025020711,WPG,NJD,20260111,4,3
2025020732,WPG,NYI,20260113,5,4
2025020762,WPG,TOR,20260117,3,4
2025020785,WPG,STL,20260120,3,1
2025020799,WPG,FLA,20260122,1,1
2025020815,WPG,DET,20260124,1,5
2025020895,WPG,MTL,20260204,1,5
2025020964,WPG,CHI,20260303,3,2
2025020980,WPG,TBL,20260305,4,1
2025020996,WPG,VAN,20260307,3,2
2025021022,WPG,ANA,20260310,1,4
2025021036,WPG,NYR,20260312,3,6
2025021045,WPG,COL,20260314,3,1
2025021057,WPG,STL,20260315,3,2
2025021071,WPG,NSH,20260317,3,3
2025021131,WPG,VGK,20260324,4,1
2025021145,WPG,COL,20260326,2,3
2025021230,WPG,SEA,20260406,6,2
2025020044,PHI,FLA,20251013,5,2
2025020066,PHI,WPG,20251016,2,5
2025020081,PHI,MIN,20251018,2,1
2025020094,PHI,SEA,20251020,5,2
2025020127,PHI,NYI,20251025,3,3
2025020150,PHI,PIT,20251028,2,2
2025020170,PHI,NSH,20251030,4,1
2025020188,PHI,TOR,20251101,2,5
2025020196,PHI,CGY,20251102,1,2
2025020232,PHI,OTT,20251108,2,3
2025020266,PHI,EDM,20251112,1,2
2025020324,PHI,STL,20251120,3,2
2025020339,PHI,NJD,20251122,6,3
2025020407,PHI,PIT,20251201,1,5
2025020423,PHI,BUF,20251203,5,2
2025020453,PHI,COL,20251207,2,3
2025020469,PHI,SJS,20251209,4,1
2025020483,PHI,VGK,20251211,2,3
2025020501,PHI,CAR,20251213,3,3
2025020572,PHI,VAN,20251222,5,2
2025020670,PHI,ANA,20260106,5,2
2025020686,PHI,TOR,20260108,1,2
2025020705,PHI,TBL,20260110,2,7
2025020719,PHI,TBL,20260112,1,5
2025020755,PHI,NYR,20260117,3,6
2025020827,PHI,NYI,20260126,0,4
2025020859,PHI,LAK,20260131,2,3
2025020889,PHI,WSH,20260203,4,2
2025020907,PHI,OTT,20260205,1,2
2025020935,PHI,BOS,20260228,3,1
2025020976,PHI,UTA,20260305,0,3
2025021008,PHI,NYR,20260309,2,6
2025021026,PHI,WSH,20260311,4,1
2025021052,PHI,CBJ,20260314,1,1
2025021125,PHI,CBJ,20260324,2,3
2025021142,PHI,CHI,20260326,5,1
2025021172,PHI,DAL,20260329,2,1
2025021196,PHI,DET,20260402,2,4
2025021224,PHI,BOS,20260405,2,1
2025020054,DAL,MIN,20251014,5,2
2025020068,DAL,VAN,20251016,3,5
2025020106,DAL,CBJ,20251021,1,5
2025020119,DAL,LAK,20251023,2,3
2025020138,DAL,CAR,20251025,3,2
2025020159,DAL,WSH,20251028,1,0
2025020207,DAL,EDM,20251104,3,3
2025020224,DAL,ANA,20251106,5,7
2025020248,DAL,SEA,20251109,2,1
2025020293,DAL,PHI,20251115,5,1
2025020310,DAL,NYI,20251118,2,3
2025020390,DAL,UTA,20251128,4,3
2025020405,DAL,OTT,20251130,6,1
2025020438,DAL,SJS,20251205,4,1
2025020456,DAL,PIT,20251207,2,2
2025020505,DAL,FLA,20251213,0,4
2025020518,DAL,LAK,20251215,4,1
2025020568,DAL,TOR,20251221,5,1
2025020596,DAL,CHI,20251227,3,3
2025020628,DAL,BUF,20251231,1,4
2025020657,DAL,MTL,20260104,3,4
2025020767,DAL,TBL,20260118,1,4
2025020783,DAL,BOS,20260120,6,2
2025020804,DAL,STL,20260123,3,2
2025020882,DAL,WPG,20260202,4,3
2025020899,DAL,STL,20260204,5,4
2025020913,DAL,SEA,20260225,4,1
2025020945,DAL,NSH,20260228,3,2
2025020984,DAL,COL,20260306,4,4
2025021004,DAL,CHI,20260308,4,3
2025021020,DAL,VGK,20260310,2,1
2025021034,DAL,EDM,20260312,7,2
2025021053,DAL,DET,20260314,3,2
2025021066,DAL,UTA,20260316,3,6
2025021115,DAL,VGK,20260322,2,3
2025021130,DAL,NJD,20260324,4,6
2025021198,DAL,WPG,20260402,3,0
2025021209,DAL,COL,20260404,0,2
2025021239,DAL,CGY,20260407,4,3
2025021254,DAL,MIN,20260409,5,4
2025020033,MIN,CBJ,20251011,4,7
2025020047,MIN,LAK,20251013,3,3
2025020131,MIN,UTA,20251025,2,6
2025020142,MIN,SJS,20251026,5,6
2025020157,MIN,WPG,20251028,3,4
2025020173,MIN,PIT,20251030,1,4
2025020190,MIN,VAN,20251101,5,2
2025020208,MIN,NSH,20251104,3,2
2025020249,MIN,CGY,20251109,2,0
2025020261,MIN,SJS,20251111,1,2
2025020284,MIN,ANA,20251115,2,0
2025020298,MIN,VGK,20251116,3,2
2025020317,MIN,CAR,20251119,3,3
2025020378,MIN,COL,20251128,2,2
2025020399,MIN,BUF,20251129,2,2
2025020488,MIN,DAL,20251211,5,2
2025020496,MIN,OTT,20251213,3,2
2025020511,MIN,BOS,20251214,6,2
2025020526,MIN,WSH,20251216,5,0
2025020552,MIN,EDM,20251220,5,2
2025020563,MIN,COL,20251221,1,5
2025020582,MIN,NSH,20251223,2,3
2025020708,MIN,NYI,20260110,3,4
2025020721,MIN,NJD,20260112,2,5
2025020744,MIN,WPG,20260115,2,6
2025020801,MIN,DET,20260122,4,3
2025020817,MIN,FLA,20260124,3,4
2025020837,MIN,CHI,20260127,3,3
2025020853,MIN,CGY,20260129,4,1
2025020879,MIN,MTL,20260202,4,3
2025020951,MIN,STL,20260301,1,3
2025020967,MIN,TBL,20260303,5,1
2025021021,MIN,UTA,20260310,5,0
2025021035,MIN,PHI,20260312,2,2
2025021046,MIN,NYR,20260314,2,4
2025021060,MIN,TOR,20260315,2,4
2025021088,MIN,CHI,20260319,1,2
2025021101,MIN,DAL,20260321,2,1
2025021199,MIN,VAN,20260402,5,2
2025021240,MIN,SEA,20260407,5,2
2025020018,COL,UTA,20251009,2,1
2025020034,COL,DAL,20251011,4,4
2025020085,COL,BOS,20251018,4,1
2025020121,COL,CAR,20251023,4,4
2025020161,COL,NJD,20251028,8,4
2025020209,COL,TBL,20251104,3,2
2025020262,COL,ANA,20251111,4,1
2025020275,COL,BUF,20251113,6,3
2025020300,COL,NYI,20251116,4,1
2025020326,COL,NYR,20251120,6,3
2025020371,COL,SJS,20251126,6,0
2025020392,COL,MTL,20251129,7,2
2025020417,COL,VAN,20251202,3,1
2025020490,COL,FLA,20251211,6,2
2025020506,COL,NSH,20251213,4,2
2025020546,COL,WPG,20251219,3,2
2025020584,COL,UTA,20251223,1,0
2025020611,COL,LAK,20251229,5,2
2025020629,COL,STL,20251231,6,1
2025020691,COL,OTT,20260108,8,2
2025020699,COL,CBJ,20260110,4,0
2025020723,COL,TOR,20260112,3,4
2025020752,COL,NSH,20260116,3,7
2025020771,COL,WSH,20260119,5,2
2025020789,COL,ANA,20260121,1,1
2025020805,COL,PHI,20260123,3,7
2025020883,COL,DET,20260202,0,2
2025020897,COL,SJS,20260204,4,2
2025020927,COL,MIN,20260226,2,5
2025020938,COL,CHI,20260228,3,1
2025021001,COL,MIN,20260308,2,2
2025021023,COL,EDM,20260310,3,4
2025021067,COL,PIT,20260316,2,7
2025021080,COL,DAL,20260318,1,1
2025021162,COL,WPG,20260328,2,4
2025021174,COL,CGY,20260330,9,2
2025021188,COL,VAN,20260401,6,8
2025021228,COL,STL,20260405,2,3
2025021256,COL,CGY,20260409,3,1
2025020056,ANA,PIT,20251014,4,3
2025020070,ANA,CAR,20251016,1,4
2025020180,ANA,DET,20251031,5,2
2025020197,ANA,NJD,20251102,4,1
2025020211,ANA,FLA,20251104,7,3
2025020251,ANA,WPG,20251109,4,1
2025020306,ANA,UTA,20251117,3,2
2025020318,ANA,BOS,20251119,4,3
2025020329,ANA,OTT,20251120,2,3
2025020346,ANA,VGK,20251122,4,3
2025020374,ANA,VAN,20251126,4,5
2025020384,ANA,LAK,20251128,4,4
2025020424,ANA,UTA,20251203,0,7
2025020440,ANA,WSH,20251205,3,3
2025020460,ANA,CHI,20251207,7,1
2025020548,ANA,DAL,20251219,3,8
2025020560,ANA,CBJ,20251220,4,3
2025020573,ANA,SEA,20251222,1,3
2025020615,ANA,SJS,20251229,4,5
2025020624,ANA,TBL,20251231,3,4
2025020643,ANA,MIN,20260102,2,5
2025020734,ANA,DAL,20260113,3,1
2025020766,ANA,LAK,20260117,2,1
2025020779,ANA,NYR,20260119,5,3
2025020875,ANA,VGK,20260201,4,3
2025020892,ANA,SEA,20260203,4,2
2025020917,ANA,EDM,20260225,6,5
2025020933,ANA,WPG,20260227,5,4
2025020952,ANA,CGY,20260301,2,2
2025020968,ANA,COL,20260303,1,5
2025020973,ANA,NYI,20260304,5,1
2025020987,ANA,MTL,20260306,5,5
2025021006,ANA,STL,20260308,0,4
2025021082,ANA,PHI,20260318,2,3
2025021117,ANA,BUF,20260322,6,5
2025021176,ANA,TOR,20260330,4,5
2025021206,ANA,STL,20260403,2,6
2025021219,ANA,CGY,20260404,3,5
2025021243,ANA,NSH,20260407,0,5
2025021258,ANA,SJS,20260409,6,1
2025020007,VGK,LAK,20251008,5,5
2025020069,VGK,BOS,20251016,6,5
2025020087,VGK,CGY,20251018,6,1
2025020097,VGK,CAR,20251020,4,1
2025020178,VGK,COL,20251031,2,4
2025020210,VGK,DET,20251104,1,0
2025020225,VGK,TBL,20251106,3,6
2025020242,VGK,ANA,20251108,3,4
2025020255,VGK,FLA,20251110,2,3
2025020277,VGK,NYI,20251113,3,4
2025020313,VGK,NYR,20251118,3,2
2025020373,VGK,OTT,20251126,3,3
2025020383,VGK,MTL,20251128,1,4
2025020400,VGK,SJS,20251129,4,3
2025020419,VGK,CHI,20251202,3,3
2025020533,VGK,NJD,20251217,1,1
2025020586,VGK,SJS,20251223,7,2
2025020600,VGK,COL,20251227,5,5
2025020614,VGK,MIN,20251229,2,5
2025020623,VGK,NSH,20251231,2,4
2025020692,VGK,CBJ,20260108,5,3
2025020710,VGK,STL,20260110,4,2
2025020748,VGK,TOR,20260115,6,5
2025020765,VGK,NSH,20260117,7,2
2025020775,VGK,PHI,20260119,1,2
2025020856,VGK,DAL,20260129,4,4
2025020872,VGK,SEA,20260131,2,3
2025020901,VGK,VAN,20260204,5,2
2025020909,VGK,LAK,20260205,4,1
2025020988,VGK,MIN,20260306,2,4
2025021007,VGK,EDM,20260308,2,4
2025021039,VGK,PIT,20260312,6,2
2025021056,VGK,CHI,20260314,4,0
2025021075,VGK,BUF,20260317,0,2
2025021091,VGK,UTA,20260319,0,4
2025021148,VGK,EDM,20260326,3,4
2025021166,VGK,WSH,20260328,4,4
2025021175,VGK,VAN,20260330,4,2
2025021201,VGK,CGY,20260402,6,3
2025020004,TOR,MTL,20251008,5,2
2025020043,TOR,DET,20251013,2,3
2025020049,TOR,NSH,20251014,7,4
2025020061,TOR,NYR,20251016,2,1
2025020079,TOR,SEA,20251018,3,4
2025020098,TOR,NJD,20251021,2,5
2025020132,TOR,BUF,20251025,4,3
2025020151,TOR,CGY,20251028,4,3
2025020199,TOR,PIT,20251103,4,3
2025020213,TOR,UTA,20251105,5,3
2025020234,TOR,BOS,20251108,3,5
2025020246,TOR,CAR,20251109,4,5
2025020269,TOR,LAK,20251113,3,4
2025020307,TOR,STL,20251118,3,2
2025020319,TOR,CBJ,20251120,2,3
2025020444,TOR,MTL,20251206,1,1
2025020461,TOR,TBL,20251208,2,0
2025020480,TOR,SJS,20251211,2,3
2025020499,TOR,EDM,20251213,3,6
2025020520,TOR,CHI,20251216,3,2
2025020575,TOR,PIT,20251223,6,3
2025020590,TOR,OTT,20251227,7,5
2025020617,TOR,NJD,20251230,4,0
2025020634,TOR,WPG,20260101,6,5
2025020672,TOR,FLA,20260106,4,1
2025020702,TOR,VAN,20260110,5,0
2025020774,TOR,MIN,20260119,3,6
2025020788,TOR,DET,20260121,1,2
2025020802,TOR,VGK,20260123,3,6
2025020819,TOR,COL,20260125,1,4
2025020831,TOR,BUF,20260127,4,7
2025020939,TOR,OTT,20260228,2,5
2025020954,TOR,PHI,20260302,2,2
2025020994,TOR,TBL,20260307,2,5
2025021029,TOR,ANA,20260312,6,4
2025021068,TOR,NYI,20260317,1,3
2025021094,TOR,CAR,20260320,3,4
2025021136,TOR,NYR,20260325,4,3
2025021245,TOR,WSH,20260408,0,4
2025020028,NYI,WSH,20251011,2,4
2025020042,NYI,WPG,20251013,2,5
2025020065,NYI,EDM,20251016,4,2
2025020100,NYI,SJS,20251021,4,3
2025020115,NYI,DET,20251023,7,2
2025020195,NYI,CBJ,20251102,3,2
2025020205,NYI,BOS,20251104,3,3
2025020228,NYI,MIN,20251107,2,5
2025020336,NYI,STL,20251122,1,2
2025020349,NYI,SEA,20251123,0,0
2025020365,NYI,BOS,20251126,1,3
2025020381,NYI,PHI,20251128,3,3
2025020402,NYI,WSH,20251130,1,4
2025020414,NYI,TBL,20251202,2,1
2025020430,NYI,COL,20251204,6,3
2025020468,NYI,VGK,20251209,4,4
2025020482,NYI,ANA,20251211,5,2
2025020498,NYI,TBL,20251213,2,2
2025020545,NYI,VAN,20251219,1,4
2025020580,NYI,NJD,20251223,2,1
2025020588,NYI,NYR,20251227,2,0
2025020633,NYI,UTA,20260101,2,7
2025020651,NYI,TOR,20260103,4,3
2025020669,NYI,NJD,20260106,9,0
2025020810,NYI,BUF,20260124,0,5
2025020842,NYI,NYR,20260128,5,2
2025020867,NYI,NSH,20260131,3,4
2025020888,NYI,PIT,20260203,5,4
2025020948,NYI,FLA,20260301,5,4
2025021041,NYI,LAK,20260313,2,3
2025021051,NYI,CGY,20260314,3,2
2025021114,NYI,CBJ,20260322,1,0
2025021124,NYI,CHI,20260324,3,4
2025021141,NYI,DAL,20260326,2,1
2025021153,NYI,FLA,20260328,5,2
2025021173,NYI,PIT,20260330,3,8
2025021205,NYI,PHI,20260403,1,4
2025021252,NYI,TOR,20260409,5,3
2025020050,MTL,SEA,20251014,5,4
2025020062,MTL,NSH,20251016,3,2
2025020080,MTL,NYR,20251018,3,4
2025020095,MTL,BUF,20251020,4,2
2025020187,MTL,OTT,20251101,4,3
2025020204,MTL,PHI,20251104,4,4
2025020235,MTL,UTA,20251108,6,2
2025020257,MTL,LAK,20251111,1,5
2025020270,MTL,DAL,20251113,0,7
2025020285,MTL,BOS,20251115,2,3
2025020320,MTL,WSH,20251120,4,8
2025020337,MTL,TOR,20251122,5,2
2025020411,MTL,OTT,20251202,2,5
2025020422,MTL,WPG,20251203,2,2
2025020457,MTL,STL,20251207,3,4
2025020466,MTL,TBL,20251209,1,6
2025020512,MTL,EDM,20251214,4,1
2025020521,MTL,PHI,20251216,1,4
2025020536,MTL,CHI,20251218,4,1
2025020556,MTL,PIT,20251220,4,0
2025020678,MTL,CGY,20260107,4,1
2025020683,MTL,FLA,20260108,6,2
2025020703,MTL,DET,20260110,0,4
2025020720,MTL,VAN,20260112,6,3
2025020780,MTL,MIN,20260120,4,3
2025020795,MTL,BUF,20260122,2,4
2025020832,MTL,VGK,20260127,3,2
2025020845,MTL,COL,20260129,7,3
2025020919,MTL,NYI,20260226,3,4
2025020940,MTL,WSH,20260228,6,2
2025021014,MTL,TOR,20260310,3,1
2025021048,MTL,SJS,20260314,2,4
2025021059,MTL,ANA,20260315,3,4
2025021069,MTL,BOS,20260317,3,2
2025021105,MTL,NYI,20260321,7,3
2025021121,MTL,CAR,20260324,5,2
2025021137,MTL,CBJ,20260326,2,1
2025021226,MTL,NJD,20260405,0,3
2025021233,MTL,FLA,20260407,3,3
2025021248,MTL,TBL,20260409,2,1
2025020021,SEA,ANA,20251009,3,1
2025020037,SEA,VGK,20251011,2,1
2025020139,SEA,EDM,20251025,3,2
2025020164,SEA,MTL,20251028,3,4
2025020193,SEA,NYR,20251101,2,3
2025020202,SEA,CHI,20251103,3,1
2025020217,SEA,SJS,20251105,1,6
2025020264,SEA,CBJ,20251111,1,1
2025020278,SEA,WPG,20251113,5,3
2025020295,SEA,SJS,20251115,4,1
2025020375,SEA,DAL,20251126,2,3
2025020393,SEA,EDM,20251129,0,4
2025020452,SEA,DET,20251206,3,4
2025020465,SEA,MIN,20251208,1,4
2025020479,SEA,LAK,20251210,3,2
2025020513,SEA,BUF,20251214,1,3
2025020528,SEA,COL,20251216,3,5
2025020605,SEA,PHI,20251228,4,1
2025020616,SEA,VAN,20251229,2,2
2025020638,SEA,NSH,20260101,4,1
2025020676,SEA,BOS,20260106,7,4
2025020693,SEA,MIN,20260108,2,3
2025020772,SEA,PIT,20260119,3,6
2025020793,SEA,NYI,20260121,4,1
2025020809,SEA,ANA,20260123,2,4
2025020820,SEA,NJD,20260125,4,2
2025020839,SEA,WSH,20260127,5,1
2025020857,SEA,TOR,20260129,5,2
2025020946,SEA,VAN,20260228,5,1
2025020957,SEA,CAR,20260302,2,1
2025020974,SEA,STL,20260304,2,3
2025021000,SEA,OTT,20260307,4,7
2025021024,SEA,NSH,20260310,2,4
2025021040,SEA,COL,20260312,1,5
2025021062,SEA,FLA,20260315,6,2
2025021076,SEA,TBL,20260317,2,6
2025021203,SEA,UTA,20260402,2,6
2025021221,SEA,CHI,20260404,2,4
2025021259,SEA,VGK,20260409,3,3
2025020015,STL,MIN,20251009,0,5
2025020059,STL,CHI,20251015,3,8
2025020083,STL,DAL,20251018,3,1
2025020104,STL,LAK,20251021,1,2
2025020117,STL,UTA,20251023,4,7
2025020158,STL,DET,20251028,2,5
2025020172,STL,VAN,20251030,3,3
2025020200,STL,EDM,20251103,3,2
2025020239,STL,SEA,20251108,3,4
2025020260,STL,CGY,20251111,3,2
2025020280,STL,PHI,20251114,5,5
2025020292,STL,VGK,20251115,1,4
2025020382,STL,OTT,20251128,4,3
2025020398,STL,UTA,20251129,1,0
2025020409,STL,ANA,20251201,1,4
2025020472,STL,BOS,20251209,2,5
2025020493,STL,CHI,20251212,3,2
2025020517,STL,NSH,20251215,2,5
2025020531,STL,WPG,20251217,1,0
2025020541,STL,NYR,20251218,1,2
2025020595,STL,NSH,20251227,3,2
2025020610,STL,BUF,20251229,2,4
2025020640,STL,VGK,20260102,4,3
2025020648,STL,MTL,20260103,2,0
2025020730,STL,CAR,20260113,3,0
2025020751,STL,TBL,20260116,2,2
2025020816,STL,LAK,20260124,4,4
2025020836,STL,DAL,20260127,3,4
2025020852,STL,FLA,20260129,5,4
2025020868,STL,CBJ,20260131,3,5
2025020925,STL,SEA,20260226,5,1
2025020943,STL,NJD,20260228,1,3
2025021019,STL,NYI,20260310,3,4
2025021042,STL,EDM,20260313,3,2
2025021128,STL,WSH,20260324,3,0
2025021143,STL,SJS,20260326,2,1
2025021160,STL,TOR,20260328,5,1
2025021238,STL,COL,20260407,1,3
2025021253,STL,WPG,20260409,2,3
2025020001,FLA,CHI,20251007,3,2
2025020012,FLA,PHI,20251009,2,1
2025020027,FLA,OTT,20251011,6,2
2025020114,FLA,PIT,20251023,3,5
2025020130,FLA,VGK,20251025,3,0
2025020153,FLA,ANA,20251028,2,2
2025020185,FLA,DAL,20251101,3,3
2025020273,FLA,WSH,20251113,6,3
2025020283,FLA,TBL,20251115,1,3
2025020303,FLA,VAN,20251117,8,5
2025020323,FLA,NJD,20251120,1,0
2025020338,FLA,EDM,20251122,3,6
2025020363,FLA,PHI,20251126,2,4
2025020380,FLA,CGY,20251128,3,5
2025020413,FLA,TOR,20251202,1,4
2025020429,FLA,NSH,20251204,1,2
2025020442,FLA,CBJ,20251206,7,6
2025020454,FLA,NYI,20251207,4,1
2025020529,FLA,LAK,20251217,3,2
2025020544,FLA,CAR,20251219,3,3
2025020554,FLA,STL,20251220,2,6
2025020591,FLA,TBL,20251227,2,4
2025020607,FLA,WSH,20251229,5,3
2025020618,FLA,MTL,20251230,2,3
2025020641,FLA,NYR,20260102,1,5
2025020659,FLA,COL,20260104,2,1
2025020773,FLA,SJS,20260119,1,4
2025020834,FLA,UTA,20260127,3,4
2025020862,FLA,WPG,20260131,1,2
2025020876,FLA,BUF,20260202,3,5
2025020893,FLA,BOS,20260204,4,4
2025020921,FLA,TOR,20260226,5,1
2025020930,FLA,BUF,20260227,2,3
2025021016,FLA,DET,20260310,4,3
2025021031,FLA,CBJ,20260312,2,1
2025021123,FLA,SEA,20260324,4,4
2025021140,FLA,MIN,20260326,2,3
2025021181,FLA,OTT,20260331,6,3
2025021193,FLA,BOS,20260402,2,1
2025020009,BUF,NYR,20251009,0,4
2025020039,BUF,COL,20251013,1,3
2025020057,BUF,OTT,20251015,8,4
2025020076,BUF,FLA,20251018,3,0
2025020109,BUF,DET,20251022,4,2
2025020123,BUF,TOR,20251024,5,3
2025020152,BUF,CBJ,20251028,3,4
2025020186,BUF,WSH,20251101,3,3
2025020203,BUF,UTA,20251104,1,2
2025020219,BUF,STL,20251106,0,3
2025020302,BUF,EDM,20251117,5,1
2025020316,BUF,CGY,20251119,2,6
2025020331,BUF,CHI,20251121,9,3
2025020347,BUF,CAR,20251123,4,1
2025020379,BUF,NJD,20251128,0,5
2025020408,BUF,WPG,20251201,5,1
2025020535,BUF,PHI,20251218,5,3
2025020553,BUF,NYI,20251220,2,2
2025020589,BUF,BOS,20251227,4,1
2025020667,BUF,VAN,20260106,5,3
2025020701,BUF,ANA,20260110,5,3
2025020716,BUF,FLA,20260112,3,4
2025020736,BUF,PHI,20260114,5,2
2025020740,BUF,MTL,20260115,5,3
2025020754,BUF,MIN,20260117,4,5
2025020844,BUF,LAK,20260129,4,1
2025020865,BUF,MTL,20260131,2,4
2025020903,BUF,PIT,20260205,2,5
2025020960,BUF,VGK,20260303,3,2
2025020992,BUF,NSH,20260307,3,2
2025021003,BUF,TBL,20260308,8,7
2025021013,BUF,SJS,20260310,6,3
2025021028,BUF,WSH,20260312,1,2
2025021047,BUF,TOR,20260314,2,2
2025021135,BUF,BOS,20260325,3,4
2025021150,BUF,DET,20260327,2,5
2025021159,BUF,SEA,20260328,2,2
2025021179,BUF,NYI,20260331,4,3
2025021229,BUF,TBL,20260406,4,2
2025021247,BUF,CBJ,20260409,5,0
2025020060,UTA,CGY,20251015,3,1
2025020075,UTA,SJS,20251017,6,3
2025020092,UTA,BOS,20251019,3,2
2025020107,UTA,COL,20251021,4,3
2025020194,UTA,TBL,20251102,2,4
2025020267,UTA,BUF,20251112,5,2
2025020282,UTA,NYI,20251114,2,3
2025020327,UTA,VGK,20251120,1,4
2025020344,UTA,NYR,20251122,3,2
2025020358,UTA,VGK,20251124,5,1
2025020372,UTA,MTL,20251126,3,4
2025020462,UTA,LAK,20251208,2,4
2025020478,UTA,FLA,20251210,3,4
2025020494,UTA,SEA,20251212,5,3
2025020547,UTA,NJD,20251219,1,2
2025020569,UTA,WPG,20251221,4,3
2025020612,UTA,NSH,20251229,3,4
2025020680,UTA,OTT,20260107,3,1
2025020696,UTA,STL,20260109,4,2
2025020714,UTA,CBJ,20260111,2,3
2025020733,UTA,TOR,20260113,6,1
2025020746,UTA,DAL,20260115,2,1
2025020757,UTA,SEA,20260117,6,3
2025020790,UTA,PHI,20260121,5,4
2025020870,UTA,DAL,20260131,2,3
2025020884,UTA,VAN,20260202,6,2
2025020898,UTA,DET,20260204,4,1
2025020914,UTA,COL,20260225,2,4
2025020932,UTA,MIN,20260227,5,2
2025020949,UTA,CHI,20260301,0,4
2025021037,UTA,CHI,20260312,2,3
2025021054,UTA,PIT,20260314,3,4
2025021098,UTA,ANA,20260320,1,4
2025021118,UTA,LAK,20260322,4,3
2025021132,UTA,EDM,20260324,2,5
2025021146,UTA,WSH,20260326,4,7
2025021241,UTA,EDM,20260407,6,5
2025021257,UTA,NSH,20260409,4,1
2025020003,LAK,COL,20251007,1,4
2025020071,LAK,PIT,20251016,2,4
2025020086,LAK,CAR,20251018,3,4
2025020177,LAK,DET,20251030,3,3
2025020191,LAK,NJD,20251101,1,4
2025020212,LAK,WPG,20251104,3,0
2025020226,LAK,FLA,20251106,2,5
2025020334,LAK,BOS,20251121,1,2
2025020359,LAK,OTT,20251124,2,1
2025020401,LAK,VAN,20251129,2,1
2025020420,LAK,WSH,20251202,1,3
2025020435,LAK,CHI,20251204,1,2
2025020449,LAK,CHI,20251206,6,0
2025020507,LAK,CGY,20251213,1,2
2025020574,LAK,CBJ,20251222,1,3
2025020587,LAK,SEA,20251223,2,3
2025020597,LAK,ANA,20251227,6,1
2025020639,LAK,TBL,20260101,3,5
2025020655,LAK,MIN,20260103,4,4
2025020666,LAK,MIN,20260105,4,2
2025020681,LAK,SJS,20260107,3,4
2025020724,LAK,DAL,20260112,1,3
2025020738,LAK,VGK,20260114,2,3
2025020753,LAK,ANA,20260116,2,2
2025020787,LAK,NYR,20260120,4,3
2025020902,LAK,SEA,20260204,2,4
2025020916,LAK,VGK,20260225,4,6
2025020929,LAK,EDM,20260226,1,8
2025020944,LAK,CGY,20260228,2,0
2025020958,LAK,COL,20260302,2,4
2025020982,LAK,NYI,20260305,5,3
2025020997,LAK,MTL,20260307,3,4
2025021093,LAK,PHI,20260319,3,3
2025021102,LAK,BUF,20260321,1,4
2025021164,LAK,UTA,20260328,2,6
2025021189,LAK,STL,20260401,2,1
2025021204,LAK,NSH,20260402,4,4
2025021217,LAK,TOR,20260404,7,6
2025021232,LAK,NSH,20260406,2,2
2025021260,LAK,VAN,20260409,4,1
2025020041,OTT,NSH,20251013,1,4
2025020063,OTT,SEA,20251016,3,3
2025020077,OTT,NYI,20251018,4,5
2025020099,OTT,EDM,20251021,2,3
2025020112,OTT,PHI,20251023,2,1
2025020149,OTT,BOS,20251027,7,2
2025020168,OTT,CGY,20251030,3,3
2025020247,OTT,UTA,20251109,4,2
2025020258,OTT,DAL,20251111,2,3
2025020271,OTT,BOS,20251113,5,3
2025020286,OTT,LAK,20251115,0,1
2025020427,OTT,NYR,20251204,2,4
2025020445,OTT,STL,20251206,1,2
2025020467,OTT,NJD,20251209,3,4
2025020537,OTT,PIT,20251218,4,0
2025020551,OTT,CHI,20251220,6,4
2025020578,OTT,BUF,20251223,2,3
2025020606,OTT,CBJ,20251229,1,4
2025020632,OTT,WSH,20260101,4,3
2025020650,OTT,WPG,20260103,4,2
2025020664,OTT,DET,20260105,3,5
2025020704,OTT,FLA,20260110,2,3
2025020725,OTT,VAN,20260113,2,1
2025020758,OTT,MTL,20260117,5,6
2025020813,OTT,CAR,20260124,1,4
2025020821,OTT,VGK,20260125,7,1
2025020841,OTT,COL,20260128,5,2
2025020866,OTT,NJD,20260131,4,1
2025020920,OTT,DET,20260226,1,2
2025021025,OTT,MTL,20260311,2,3
2025021043,OTT,ANA,20260314,2,0
2025021058,OTT,SJS,20260315,7,4
2025021084,OTT,NYI,20260319,3,2
2025021106,OTT,TOR,20260321,5,2
2025021138,OTT,PIT,20260326,3,3
2025021191,OTT,BUF,20260402,4,1
2025021208,OTT,MIN,20260404,1,4
2025021225,OTT,CAR,20260405,6,3
2025021234,OTT,TBL,20260407,6,2
2025021249,OTT,FLA,20260409,5,1
2025020005,WSH,BOS,20251008,1,3
2025020052,WSH,TBL,20251014,3,2
2025020073,WSH,MIN,20251017,5,1
2025020089,WSH,VAN,20251019,3,4
2025020102,WSH,SEA,20251021,4,1
2025020135,WSH,OTT,20251025,1,7
2025020179,WSH,NYI,20251031,1,3
2025020214,WSH,STL,20251105,6,1
2025020288,WSH,NJD,20251115,2,2
2025020304,WSH,LAK,20251117,2,1
2025020315,WSH,EDM,20251119,7,4
2025020341,WSH,TBL,20251122,3,5
2025020356,WSH,CBJ,20251124,5,1
2025020367,WSH,WPG,20251126,4,3
2025020386,WSH,TOR,20251128,4,2
2025020459,WSH,CBJ,20251207,2,0
2025020485,WSH,CAR,20251211,2,2
2025020539,WSH,TOR,20251218,4,0
2025020550,WSH,DET,20251220,2,5
2025020576,WSH,NYR,20251223,3,7
2025020622,WSH,NYR,20251231,6,3
2025020652,WSH,CHI,20260103,2,2
2025020663,WSH,ANA,20260105,7,4
2025020677,WSH,DAL,20260107,1,4
2025020727,WSH,MTL,20260113,3,2
2025020742,WSH,SJS,20260115,2,3
2025020761,WSH,FLA,20260117,2,5
2025020864,WSH,CAR,20260131,4,3
2025020878,WSH,NYI,20260202,4,1
2025020908,WSH,NSH,20260205,4,2
2025020911,WSH,PHI,20260225,3,1
2025020931,WSH,VGK,20260227,3,2
2025020962,WSH,UTA,20260303,2,3
2025021009,WSH,CGY,20260309,7,3
2025021044,WSH,BOS,20260314,2,2
2025021079,WSH,OTT,20260318,4,1
2025021095,WSH,NJD,20260320,2,1
2025021111,WSH,COL,20260322,2,3
2025021184,WSH,PHI,20260331,6,4
2025021213,WSH,BUF,20260404,6,2
2025020064,NJD,FLA,20251016,3,1
2025020078,NJD,EDM,20251018,5,3
2025020108,NJD,MIN,20251022,4,1
2025020124,NJD,SJS,20251024,3,1
2025020140,NJD,COL,20251026,4,3
2025020220,NJD,MTL,20251106,4,3
2025020231,NJD,PIT,20251108,1,1
2025020252,NJD,NYI,20251110,2,3
2025020354,NJD,DET,20251124,4,3
2025020364,NJD,STL,20251126,3,2
2025020395,NJD,PHI,20251129,3,5
2025020406,NJD,CBJ,20251201,3,5
2025020421,NJD,DAL,20251203,0,3
2025020436,NJD,VGK,20251205,0,3
2025020481,NJD,TBL,20251211,4,8
2025020495,NJD,ANA,20251213,4,1
2025020508,NJD,VAN,20251214,1,2
2025020565,NJD,BUF,20251221,1,3
2025020592,NJD,WSH,20251227,3,4
2025020645,NJD,UTA,20260103,4,1
2025020660,NJD,CAR,20260104,1,3
2025020735,NJD,SEA,20260114,3,2
2025020759,NJD,CAR,20260117,1,4
2025020835,NJD,WPG,20260127,3,4
2025020848,NJD,NSH,20260129,3,2
2025020887,NJD,CBJ,20260203,0,3
2025020905,NJD,NYI,20260205,1,3
2025020910,NJD,BUF,20260225,1,2
2025020961,NJD,FLA,20260303,5,1
2025020971,NJD,TOR,20260304,3,3
2025020991,NJD,NYR,20260307,6,3
2025021005,NJD,DET,20260308,0,3
2025021032,NJD,CGY,20260312,4,5
2025021050,NJD,LAK,20260314,6,4
2025021064,NJD,BOS,20260316,4,3
2025021171,NJD,CHI,20260329,5,3
2025021194,NJD,WSH,20260402,7,3
2025021212,NJD,MTL,20260404,3,3
2025021236,NJD,PHI,20260407,1,5
2025021251,NJD,PIT,20260409,2,5
2025020011,TBL,OTT,20251009,4,5
2025020026,TBL,NJD,20251011,3,5
2025020113,TBL,CHI,20251023,2,3
2025020129,TBL,ANA,20251025,4,3
2025020141,TBL,VGK,20251026,2,1
2025020169,TBL,DAL,20251030,2,1
2025020236,TBL,WSH,20251108,3,2
2025020265,TBL,NYR,20251112,3,7
2025020297,TBL,VAN,20251116,2,6
2025020309,TBL,NJD,20251118,5,1
2025020322,TBL,EDM,20251120,2,1
2025020353,TBL,PHI,20251124,3,0
2025020362,TBL,CGY,20251126,5,1
2025020428,TBL,PIT,20251204,3,4
2025020446,TBL,NYI,20251206,0,2
2025020514,TBL,FLA,20251215,2,5
2025020538,TBL,LAK,20251218,1,2
2025020557,TBL,CAR,20251220,6,4
2025020571,TBL,STL,20251222,4,1
2025020602,TBL,MTL,20251228,4,4
2025020668,TBL,COL,20260106,4,2
2025020781,TBL,SJS,20260120,4,1
2025020825,TBL,UTA,20260126,2,0
2025020847,TBL,WPG,20260129,4,1
2025020873,TBL,BOS,20260201,5,5
2025020886,TBL,BUF,20260203,4,3
2025020904,TBL,FLA,20260205,6,1
2025020912,TBL,TOR,20260225,4,2
2025020941,TBL,BUF,20260228,2,6
2025021015,TBL,CBJ,20260310,2,5
2025021030,TBL,DET,20260312,4,1
2025021049,TBL,CAR,20260314,2,4
2025021127,TBL,MIN,20260324,6,3
2025021139,TBL,SEA,20260326,3,4
2025021152,TBL,OTT,20260328,4,2
2025021168,TBL,NSH,20260329,3,2
2025021180,TBL,MTL,20260331,1,4
2025021192,TBL,PIT,20260402,6,3
2025021210,TBL,BOS,20260404,3,1
2025020045,CBJ,NJD,20251013,2,3
2025020067,CBJ,COL,20251016,1,4
2025020082,CBJ,TBL,20251018,3,2
2025020125,CBJ,WSH,20251024,1,5
2025020166,CBJ,TOR,20251029,6,3
2025020189,CBJ,STL,20251101,3,2
2025020274,CBJ,EDM,20251113,5,4
2025020290,CBJ,NYR,20251115,1,1
2025020305,CBJ,MTL,20251117,3,3
2025020369,CBJ,TOR,20251126,1,2
2025020388,CBJ,PIT,20251128,3,4
2025020432,CBJ,DET,20251204,5,5
2025020486,CBJ,OTT,20251211,3,6
2025020502,CBJ,VGK,20251213,2,3
2025020525,CBJ,ANA,20251216,4,3
2025020540,CBJ,MIN,20251218,2,5
2025020603,CBJ,NYI,20251228,4,2
2025020627,CBJ,NJD,20251231,2,3
2025020646,CBJ,BUF,20260103,5,1
2025020658,CBJ,PIT,20260104,4,5
2025020728,CBJ,CGY,20260113,5,3
2025020743,CBJ,VAN,20260115,4,1
2025020782,CBJ,OTT,20260120,1,4
2025020797,CBJ,DAL,20260122,1,0
2025020814,CBJ,TBL,20260124,8,5
2025020840,CBJ,PHI,20260128,5,3
2025020894,CBJ,CHI,20260204,4,0
2025020937,CBJ,NYI,20260228,3,4
2025020963,CBJ,NSH,20260303,3,2
2025020978,CBJ,FLA,20260305,4,2
2025020995,CBJ,UTA,20260307,4,5
2025020828,CBJ,LAK,20260309,4,5
2025021070,CBJ,CAR,20260317,5,1
2025021086,CBJ,NYR,20260319,6,3
2025021104,CBJ,SEA,20260321,5,2
2025021158,CBJ,SJS,20260328,2,3
2025021170,CBJ,BOS,20260329,3,3
2025021185,CBJ,CAR,20260331,2,5
2025021215,CBJ,WPG,20260404,1,2
2025020031,CHI,MTL,20251011,2,3
2025020048,CHI,UTA,20251013,3,1
2025020074,CHI,VAN,20251017,2,2
2025020091,CHI,ANA,20251019,2,1
2025020144,CHI,LAK,20251026,1,3
2025020160,CHI,OTT,20251028,7,3
2025020268,CHI,NJD,20251112,3,4
2025020291,CHI,TOR,20251115,3,2
2025020312,CHI,CGY,20251118,5,2
2025020325,CHI,SEA,20251120,2,3
2025020350,CHI,COL,20251123,0,1
2025020370,CHI,MIN,20251126,3,4
2025020389,CHI,NSH,20251128,3,4
2025020403,CHI,ANA,20251130,5,3
2025020476,CHI,NYR,20251210,3,0
2025020504,CHI,DET,20251213,0,4
2025020583,CHI,PHI,20251223,1,3
2025020604,CHI,PIT,20251228,3,7
2025020620,CHI,NYI,20251230,2,2
2025020637,CHI,DAL,20260101,4,3
2025020661,CHI,VGK,20260104,3,2
2025020679,CHI,STL,20260107,7,3
2025020694,CHI,WSH,20260109,1,5
2025020722,CHI,EDM,20260112,1,4
2025020745,CHI,CGY,20260115,1,3
2025020763,CHI,BOS,20260117,2,5
2025020776,CHI,WPG,20260119,2,0
2025020803,CHI,TBL,20260123,1,1
2025020823,CHI,FLA,20260125,1,5
2025020858,CHI,CBJ,20260130,2,4
2025020881,CHI,SJS,20260202,6,3
2025020985,CHI,VAN,20260306,3,6
2025021010,CHI,UTA,20260309,3,2
2025021072,CHI,MIN,20260317,3,4
2025021096,CHI,COL,20260320,1,4
2025021113,CHI,NSH,20260322,2,3
2025021186,CHI,WPG,20260331,3,4
2025021255,CHI,CAR,20260409,2,7
2025020016,NSH,CBJ,20251009,2,1
2025020032,NSH,UTA,20251011,2,3
2025020105,NSH,ANA,20251021,2,5
2025020118,NSH,VAN,20251023,2,1
2025020137,NSH,LAK,20251025,4,4
2025020145,NSH,DAL,20251026,2,3
2025020156,NSH,TBL,20251028,2,5
2025020183,NSH,CGY,20251101,4,2
2025020201,NSH,VAN,20251103,4,5
2025020223,NSH,PHI,20251106,1,3
2025020233,NSH,DAL,20251108,4,5
2025020281,NSH,PIT,20251114,2,1
2025020343,NSH,COL,20251122,0,3
2025020357,NSH,FLA,20251124,3,8
2025020397,NSH,WPG,20251129,2,5
2025020416,NSH,CGY,20251202,5,1
2025020475,NSH,COL,20251209,3,3
2025020487,NSH,STL,20251211,7,2
2025020532,NSH,CAR,20251217,1,4
2025020558,NSH,TOR,20251220,5,3
2025020567,NSH,NYR,20251221,2,1
2025020689,NSH,NYI,20260108,1,1
2025020707,NSH,CHI,20260110,0,3
2025020713,NSH,WSH,20260111,3,2
2025020731,NSH,EDM,20260113,4,3
2025020784,NSH,BUF,20260120,3,5
2025020798,NSH,OTT,20260122,5,3
2025020811,NSH,UTA,20260124,2,5
2025020880,NSH,STL,20260202,6,5
2025020896,NSH,MIN,20260204,5,6
2025020926,NSH,CHI,20260226,4,2
2025020955,NSH,DET,20260302,2,4
2025020979,NSH,BOS,20260305,6,3
2025021087,NSH,SEA,20260319,3,1
2025021100,NSH,VGK,20260321,4,1
2025021129,NSH,SJS,20260324,6,3
2025021144,NSH,NJD,20260326,2,4
2025021161,NSH,MTL,20260328,1,4
2025020023,CGY,STL,20251011,2,4
2025020053,CGY,VGK,20251014,2,4
2025020096,CGY,WPG,20251020,1,2
2025020110,CGY,MTL,20251022,1,2
2025020146,CGY,NYR,20251026,5,1
2025020215,CGY,CBJ,20251105,5,1
2025020229,CGY,CHI,20251107,0,4
2025020276,CGY,SJS,20251113,2,0
2025020294,CGY,WPG,20251115,3,3
2025020345,CGY,DAL,20251122,2,2
2025020433,CGY,MIN,20251204,4,1
2025020448,CGY,UTA,20251206,2,0
2025020463,CGY,BUF,20251208,7,4
2025020477,CGY,DET,20251210,3,4
2025020542,CGY,SEA,20251218,4,2
2025020559,CGY,VGK,20251220,6,3
2025020598,CGY,EDM,20251227,3,2
2025020613,CGY,BOS,20251229,2,1
2025020630,CGY,PHI,20251231,5,1
2025020654,CGY,NSH,20260103,3,4
2025020665,CGY,SEA,20260105,1,5
2025020756,CGY,NYI,20260117,4,2
2025020777,CGY,NJD,20260119,1,2
2025020791,CGY,PIT,20260121,1,4
2025020806,CGY,WSH,20260123,1,3
2025020824,CGY,ANA,20260125,3,4
2025020863,CGY,SJS,20260131,3,2
2025020885,CGY,TOR,20260202,2,4
2025020900,CGY,EDM,20260204,4,3
2025020965,CGY,DAL,20260303,1,6
2025020981,CGY,OTT,20260305,1,4
2025020998,CGY,CAR,20260307,5,4
2025021081,CGY,STL,20260318,1,1
2025021097,CGY,FLA,20260320,4,1
2025021116,CGY,TBL,20260322,4,3
2025021133,CGY,LAK,20260324,2,2
2025021147,CGY,ANA,20260326,2,3
2025021165,CGY,VAN,20260328,7,3
2025020008,BOS,CHI,20251009,4,3
2025020024,BOS,BUF,20251011,3,1
2025020040,BOS,TBL,20251013,3,4
2025020103,BOS,FLA,20251021,3,4
2025020111,BOS,ANA,20251023,5,7
2025020128,BOS,COL,20251025,3,2
2025020154,BOS,NYI,20251028,5,2
2025020167,BOS,BUF,20251030,4,3
2025020181,BOS,CAR,20251101,2,1
2025020218,BOS,OTT,20251106,3,2
2025020256,BOS,TOR,20251111,5,3
2025020301,BOS,CAR,20251117,1,3
2025020376,BOS,NYR,20251128,2,6
2025020394,BOS,DET,20251129,2,2
2025020426,BOS,STL,20251204,5,2
2025020443,BOS,NJD,20251206,4,1
2025020519,BOS,UTA,20251216,4,1
2025020534,BOS,EDM,20251218,1,3
2025020555,BOS,VAN,20251220,4,4
2025020564,BOS,OTT,20251221,2,6
2025020577,BOS,MTL,20251223,2,6
2025020682,BOS,CGY,20260108,4,1
2025020697,BOS,NYR,20260110,10,2
2025020712,BOS,PIT,20260111,1,0
2025020729,BOS,DET,20260113,3,0
2025020739,BOS,SEA,20260115,4,2
2025020794,BOS,VGK,20260122,4,3
2025020812,BOS,MTL,20260124,4,3
2025020830,BOS,NSH,20260127,3,2
2025020843,BOS,PHI,20260129,6,3
2025020918,BOS,CBJ,20260226,4,2
2025020959,BOS,PIT,20260303,2,1
2025020990,BOS,WSH,20260307,3,1
2025021012,BOS,LAK,20260310,2,1
2025021027,BOS,SJS,20260312,2,4
2025021083,BOS,WPG,20260319,6,1
2025021120,BOS,TOR,20260324,2,4
2025021155,BOS,MIN,20260328,6,3
2025021178,BOS,DAL,20260331,6,3
2025020010,DET,MTL,20251009,1,5
2025020025,DET,TOR,20251011,6,3
2025020058,DET,FLA,20251015,4,1
2025020072,DET,TBL,20251017,2,1
2025020090,DET,EDM,20251019,4,2
2025020133,DET,STL,20251025,6,4
2025020227,DET,NYR,20251107,1,4
2025020244,DET,CHI,20251109,1,5
2025020272,DET,ANA,20251113,6,3
2025020287,DET,BUF,20251115,4,5
2025020308,DET,SEA,20251118,4,2
2025020321,DET,NYI,20251120,0,5
2025020335,DET,CBJ,20251122,4,3
2025020361,DET,NSH,20251126,3,6
2025020377,DET,TBL,20251128,3,6
2025020412,DET,BOS,20251202,5,4
2025020522,DET,NYI,20251216,3,2
2025020530,DET,UTA,20251217,1,4
2025020562,DET,WSH,20251221,3,2
2025020579,DET,DAL,20251223,4,3
2025020601,DET,TOR,20251228,3,2
2025020626,DET,WPG,20251231,2,1
2025020644,DET,PIT,20260103,1,4
2025020684,DET,VAN,20260108,5,1
2025020717,DET,CAR,20260112,4,3
2025020749,DET,SJS,20260116,4,2
2025020768,DET,OTT,20260118,4,3
2025020833,DET,LAK,20260127,1,3
2025020846,DET,WSH,20260129,3,3
2025020860,DET,COL,20260131,0,5
2025020970,DET,VGK,20260304,3,4
2025020983,DET,FLA,20260306,1,3
2025021063,DET,CGY,20260316,5,2
2025021085,DET,MTL,20260319,3,1
2025021108,DET,BOS,20260321,2,4
2025021122,DET,OTT,20260324,2,3
2025021163,DET,PHI,20260328,3,5
2025021222,DET,MIN,20260405,4,5
2025021235,DET,CBJ,20260407,3,3
2025021250,DET,PHI,20260409,6,3
2025020019,VAN,CGY,20251009,5,1
2025020046,VAN,STL,20251013,2,5
2025020136,VAN,MTL,20251025,3,4
2025020147,VAN,EDM,20251026,4,3
2025020163,VAN,NYR,20251028,0,2
2025020216,VAN,CHI,20251105,2,5
2025020241,VAN,CBJ,20251108,4,3
2025020250,VAN,COL,20251109,4,5
2025020263,VAN,WPG,20251111,3,5
2025020328,VAN,DAL,20251120,2,4
2025020352,VAN,CGY,20251123,2,5
2025020439,VAN,UTA,20251205,1,4
2025020451,VAN,MIN,20251206,4,2
2025020464,VAN,DET,20251208,0,4
2025020492,VAN,BUF,20251211,2,3
2025020599,VAN,SJS,20251227,3,6
2025020621,VAN,PHI,20251230,3,6
2025020642,VAN,SEA,20260102,3,3
2025020656,VAN,BOS,20260103,2,3
2025020764,VAN,EDM,20260117,0,6
2025020778,VAN,NYI,20260119,3,4
2025020792,VAN,WSH,20260121,4,3
2025020807,VAN,NJD,20260123,4,5
2025020822,VAN,PIT,20260125,2,3
2025020838,VAN,SJS,20260127,2,5
2025020855,VAN,ANA,20260129,2,0
2025020869,VAN,TOR,20260131,2,2
2025020915,VAN,WPG,20260225,2,3
2025020956,VAN,DAL,20260302,1,6
2025020972,VAN,CAR,20260304,4,6
2025021011,VAN,OTT,20260309,0,2
2025021038,VAN,NSH,20260312,3,3
2025021055,VAN,SEA,20260314,2,5
2025021074,VAN,FLA,20260317,5,2
2025021090,VAN,TBL,20260319,2,6
2025021107,VAN,STL,20260321,1,3
2025021134,VAN,ANA,20260324,3,5
2025021149,VAN,LAK,20260326,0,4
2025021216,VAN,UTA,20260404,4,7
2025021242,VAN,VGK,20260407,1,2
2025020014,CAR,NJD,20251009,6,3
2025020030,CAR,PHI,20251011,4,3
2025020155,CAR,VGK,20251028,3,6
2025020171,CAR,NYI,20251030,6,2
2025020222,CAR,MIN,20251106,4,3
2025020238,CAR,BUF,20251108,6,3
2025020259,CAR,WSH,20251111,1,4
2025020279,CAR,VAN,20251114,4,3
2025020289,CAR,EDM,20251115,3,4
2025020368,CAR,NYR,20251126,2,4
2025020387,CAR,WPG,20251128,5,1
2025020404,CAR,CGY,20251130,1,0
2025020431,CAR,TOR,20251204,1,5
2025020447,CAR,NSH,20251206,6,3
2025020455,CAR,SJS,20251207,1,4
2025020471,CAR,CBJ,20251209,4,1
2025020510,CAR,PHI,20251214,2,2
2025020581,CAR,FLA,20251223,2,5
2025020593,CAR,DET,20251227,5,2
2025020608,CAR,NYR,20251229,3,2
2025020636,CAR,MTL,20260101,5,7
2025020653,CAR,COL,20260103,3,5
2025020671,CAR,DAL,20260106,6,3
2025020688,CAR,ANA,20260108,5,2
2025020706,CAR,SEA,20260110,3,2
2025020750,CAR,FLA,20260116,9,1
2025020770,CAR,BUF,20260119,2,1
2025020796,CAR,CHI,20260122,3,3
2025020851,CAR,UTA,20260129,5,4
2025020874,CAR,LAK,20260201,3,2
2025020890,CAR,OTT,20260203,4,3
2025020923,CAR,TBL,20260226,5,4
2025020942,CAR,DET,20260228,5,2
2025021018,CAR,PIT,20260310,4,4
2025021033,CAR,STL,20260312,1,3
2025021078,CAR,PIT,20260318,6,5
2025021157,CAR,NJD,20260328,5,2
2025021169,CAR,MTL,20260329,1,3
2025021197,CAR,CBJ,20260402,5,1
2025021214,CAR,NYI,20260404,4,3
2025021237,CAR,BOS,20260407,6,5
